FileType,OuDiaSecond.JikokuhyouCsv.2
24h 02
下り

列車番号,,,,,,,,,,,,,,,,,,,,,,,,,,,,,,,,,,,,,,,,,,,,,,,,,,,,,,,,,,,,,,,,,,,,,,,,,,,,,,,,,,,,,,,,,,,,,,,,,,,,,,,,,,,,,,,,,,,,,,,,,,,,,,,,,,,,,,,,,,,,,,,,,,,,,,,,,,,,,,,,,,,,,,,,,,,,,,,,,,,,,,,,,,,,,,,,,,,,,,,,,,,,,,,,,,,,,,,,,,,,,,,,,,,,,,,,,,,,,,,,,,,,,,,,,,,,,,,,,,,,,,,,,,,,,,,,,,,,,,,,,,,,,,,,,,,,,,,,,,,,,,,,,,,,,,,,,,,,,,,,,,,,,,,,,,,,,,,,,,,,,,,,,,,,,,,,,,,,,,,,,,,,,,,,,,,,,,,,,,,,,,,,,,,,,,,,,,,,,,,,,,,,,,,,,,,,,,,,,,,,,,,,,,,,,,,,,,,,,,,,,,,,,,,,,,,,,,,,,,,,,,,,,,,,,,,,,,,,,,,,,,,,,,,,,,,,,,,,,,,,,,,,,,,,,,,,,,,
運用番号,,57S,05,02,22K,09,54S,08,21K,25K,25K,07,57S,57S,05,02,26K,28K,28K,08,23K,51S,51S,09,22K,21K,54S,54S,01,55S,53S,53S,25K,07,05,26K,26K,27K,29K,23K,23K,02,30K,30K,72S,57S,57S,24K,22K,28K,28K,09,08,55S,51S,51S,05,01,52S,21K,21K,07,25K,25K,30K,29K,54S,54S,23K,72S,53S,53S,02,08,22K,26K,26K,28K,55S,09,27K,27K,07,52S,57S,57S,05,29K,24K,24K,01,53S,72S,51S,51S,54S,22K,55S,55S,02,21K,25K,25K,08,52S,30K,30K,03,29K,26K,26K,07,72S,28K,28K,01,22K,21K,21K,04,24K,51S,51S,52S,53S,02,29K,54S,54S,08,72S,55S,55S,03,22K,26K,26K,07,24K,28K,28K,01,29K,21K,21K,04,72S,51S,51S,02,22K,54S,54S,08,24K,55S,55S,03,29K,26K,26K,07,72S,28K,28K,01,22K,21K,21K,04,24K,51S,51S,02,29K,54S,54S,08,72S,55S,55S,03,22K,26K,26K,07,24K,28K,28K,01,29K,21K,21K,04,72S,51S,51S,02,22K,54S,54S,08,24K,55S,55S,03,29K,26K,26K,07,72S,28K,28K,01,22K,21K,21K,04,24K,51S,51S,02,29K,54S,54S,08,72S,55S,55S,03,22K,26K,26K,07,24K,28K,28K,01,29K,21K,21K,04,72S,51S,51S,02,22K,54S,54S,08,24K,55S,55S,03,29K,26K,26K,07,72S,28K,28K,01,22K,21K,21K,04,24K,51S,51S,02,29K,54S,54S,08,56S,55S,55S,03,22K,26K,26K,07,24K,28K,28K,01,29K,21K,21K,06,04,56S,51S,51S,53S,02,22K,54S,54S,08,71S,24K,24K,03,55S,29K,29K,07,26K,27K,27K,06,56S,28K,28K,01,22K,21K,21K,04,71S,51S,51S,02,55S,53S,53S,08,26K,54S,54S,03,56S,24K,24K,07,22K,29K,29K,06,71S,27K,27K,01,55S,28K,28K,04,26K,21K,21K,02,56S,51S,51S,08,22K,53S,53S,03,71S,54S,54S,07,55S,24K,24K,06,26K,29K,29K,01,56S,27K,27K,04,22K,28K,28K,02,71S,21K,21K,08,55S,51S,51S,03,26K,53S,53S,07,56S,54S,54S,06,22K,24K,24K,01,71S,29K,29K,04,55S,27K,27K,02,26K,28K,28K,08,56S,21K,21K,03,22K,51S,51S,07,71S,53S,53S,06,55S,54S,54S,01,26K,24K,24K,04,56S,29K,29K,02,22K,27K,27K,08,01,71S,28K,28K,28K,55S,21K,21K,03,26K,26K,26K,,51S,51S,07,06,56S,53S,53S,04,71S,24K,24K,01,55S,27K,27K,03,56S,21K,21K,06,71S,51S,51S,04,55S,53S,53S,01,56S,24K,24K,03,71S,27K,27K,06,55S,21K,21K,04,56S,51S,51S,01,71S,53S,53S,03,55S,24K,24K,06,56S,27K,27K,04,71S,21K,21K,51S,55S,03
列車種別,,,,,,回,,回,,,急行,,,急行,,,,快速,特急,,,,特急,,,急行,快速,準急,,,快速,急行,,,急行,快速,準急,,,特急,特急,,回,急行,,快速,準急,,,快速,特急,,急行,,快速,準急,,,,特急,特急,急行,,準急,,,快速,急行,,,快速,急行,準急,,,快速,特急,,,急行,快速,準急,,,快速,急行,,,快速,急行,準急,,,快速,急行,,,快速,急行,,,快速,急行,,,快速,急行,,,快速,急行,,,特急,特急,,,特急,特急,,,特急,特急,回,,,,特急,特急,,,特急,特急,,,特急,特急,,,特急,特急,,,特急,特急,,,特急,特急,,,特急,特急,,,特急,特急,,,特急,特急,,,特急,特急,,,特急,特急,,,特急,特急,,,特急,特急,,,特急,特急,,,特急,特急,,,特急,特急,,,特急,特急,,,特急,特急,,,特急,特急,,,特急,特急,,,特急,特急,,,特急,特急,,,特急,特急,,,特急,特急,,,特急,特急,,,特急,特急,,,特急,特急,,,特急,特急,,,特急,特急,,,特急,特急,,,特急,特急,,,特急,特急,,,特急,特急,,,特急,特急,,,特急,特急,,,特急,特急,,,特急,特急,,,特急,特急,,,特急,特急,,,特急,特急,,,特急,特急,回,,,特急,特急,回,,,特急,急行,,,特急,急行,,,特急,急行,,,特急,急行,,,特急,急行,,,特急,急行,,,特急,急行,,,特急,急行,,,特急,急行,,,特急,急行,,,特急,急行,,,特急,急行,,,特急,急行,,,特急,急行,,,特急,急行,,,特急,急行,,,特急,急行,,,特急,急行,,,特急,急行,,,特急,急行,,,特急,急行,,,特急,急行,,,特急,急行,,,特急,急行,,,特急,急行,,,特急,急行,,,特急,急行,,,特急,急行,,,特急,急行,,,特急,急行,,,特急,急行,,,特急,急行,,,特急,急行,,,特急,急行,,,特急,急行,,,特急,急行,,回,,特急,急行,回,,特急,急行,,,回,回,,特急,急行,,,,特急,急行,,,特急,急行,,,特急,急行,,,特急,急行,,,特急,急行,,,特急,急行,,,特急,急行,,,特急,急行,,,特急,急行,,,特急,急行,,,特急,急行,,,特急,急行,,,特急,急行,,,特急,急行,回,,回
列車名,,,,,,,,,,,,,,,,,,,,,,,,,,,,,,,,,,,,,,,,,,,,,,,,,,,,,,,,,,,,,,,,,,,,,,,,,,,,,,,,,,,,,,,,,,,,,,,,,,,,,,,,,,,,,,,,,,,,,,,,,,,,,,,,,,,,,,,,,,,,,,,,,,,,,,,,,,,,,,,,,,,,,,,,,,,,,,,,,,,,,,,,,,,,,,,,,,,,,,,,,,,,,,,,,,,,,,,,,,,,,,,,,,,,,,,,,,,,,,,,,,,,,,,,,,,,,,,,,,,,,,,,,,,,,,,,,,,,,,,,,,,,,,,,,,,,,,,,,,,,,,,,,,,,,,,,,,,,,,,,,,,,,,,,,,,,,,,,,,,,,,,,,,,,,,,,,,,,,,,,,,,,,,,,,,,,,,,,,,,,,,,,,,,,,,,,,,,,,,,,,,,,,,,,,,,,,,,,,,,,,,,,,,,,,,,,,,,,,,,,,,,,,,,,,,,,,,,,,,,,,,,,,,,,,,,,,,,,,,,,,,,,,,,,,,,,,,,,,,,,,,,,,,,,,,,,,,,
号数,,,,,,,,,,,,,,,,,,,,,,,,,,,,,,,,,,,,,,,,,,,,,,,,,,,,,,,,,,,,,,,,,,,,,,,,,,,,,,,,,,,,,,,,,,,,,,,,,,,,,,,,,,,,,,,,,,,,,,,,,,,,,,,,,,,,,,,,,,,,,,,,,,,,,,,,,,,,,,,,,,,,,,,,,,,,,,,,,,,,,,,,,,,,,,,,,,,,,,,,,,,,,,,,,,,,,,,,,,,,,,,,,,,,,,,,,,,,,,,,,,,,,,,,,,,,,,,,,,,,,,,,,,,,,,,,,,,,,,,,,,,,,,,,,,,,,,,,,,,,,,,,,,,,,,,,,,,,,,,,,,,,,,,,,,,,,,,,,,,,,,,,,,,,,,,,,,,,,,,,,,,,,,,,,,,,,,,,,,,,,,,,,,,,,,,,,,,,,,,,,,,,,,,,,,,,,,,,,,,,,,,,,,,,,,,,,,,,,,,,,,,,,,,,,,,,,,,,,,,,,,,,,,,,,,,,,,,,,,,,,,,,,,,,,,,,,,,,,,,,,,,,,,,,,,,,,,,
,,,,,,,,,,,,,,,,,,,,,,,,,,,,,,,,,,,,,,,,,,,,,,,,,,,,,,,,,,,,,,,,,,,,,,,,,,,,,,,,,,,,,,,,,,,,,,,,,,,,,,,,,,,,,,,,,,,,,,,,,,,,,,,,,,,,,,,,,,,,,,,,,,,,,,,,,,,,,,,,,,,,,,,,,,,,,,,,,,,,,,,,,,,,,,,,,,,,,,,,,,,,,,,,,,,,,,,,,,,,,,,,,,,,,,,,,,,,,,,,,,,,,,,,,,,,,,,,,,,,,,,,,,,,,,,,,,,,,,,,,,,,,,,,,,,,,,,,,,,,,,,,,,,,,,,,,,,,,,,,,,,,,,,,,,,,,,,,,,,,,,,,,,,,,,,,,,,,,,,,,,,,,,,,,,,,,,,,,,,,,,,,,,,,,,,,,,,,,,,,,,,,,,,,,,,,,,,,,,,,,,,,,,,,,,,,,,,,,,,,,,,,,,,,,,,,,,,,,,,,,,,,,,,,,,,,,,,,,,,,,,,,,,,,,,,,,,,,,,,,,,,,,,,,,,,,,,,
終着駅,,汐浦・中華街,九十九市場,二鳥新町,二俣湖,九十九市場,汐浦・中華街,九十九市場,九十九市場,汐浦・中華街,二鳥新町,二鳥新町,汐浦・中華街,二鳥新町,二鳥新町,二鳥新町,汐浦・中華街,汐浦・中華街,二鳥新町,二鳥新町,汐浦・中華街,新二鳥,二鳥新町,二鳥新町,汐浦・中華街,二鳥新町,汐浦・中華街,二鳥新町,九十九市場,汐浦・中華街,汐浦・中華街,二鳥新町,汐浦・中華街,二鳥新町,二鳥新町,汐浦・中華街,二鳥新町,九十九市場,汐浦・中華街,汐浦・中華街,二鳥新町,二鳥新町,新二鳥,二鳥新町,汐浪公園,汐浦・中華街,二鳥新町,九十九市場,汐浦・中華街,汐浦・中華街,二鳥新町,二鳥新町,二鳥新町,汐浦・中華街,汐浦・中華街,二鳥新町,九十九市場,二鳥新町,汐浦・中華街,汐浦・中華街,二鳥新町,二鳥新町,汐浦・中華街,二鳥新町,九十九市場,汐浦・中華街,汐浦・中華街,二鳥新町,二鳥新町,汐浦・中華街,汐浦・中華街,二鳥新町,二鳥新町,九十九市場,汐浦・中華街,汐浦・中華街,二鳥新町,二鳥新町,汐浦・中華街,二鳥新町,汐浦・中華街,二鳥新町,九十九市場,汐浦・中華街,汐浦・中華街,二鳥新町,二鳥新町,汐浦・中華街,汐浦・中華街,二鳥新町,二鳥新町,九十九市場,汐浦・中華街,汐浦・中華街,二鳥新町,二鳥新町,汐浦・中華街,汐浦・中華街,二鳥新町,二鳥新町,汐浦・中華街,汐浦・中華街,二鳥新町,二鳥新町,汐浦・中華街,汐浦・中華街,二鳥新町,二鳥新町,汐浦・中華街,汐浦・中華街,二鳥新町,二鳥新町,汐浦・中華街,汐浦・中華街,二鳥新町,二鳥新町,汐浦・中華街,汐浦・中華街,二鳥新町,二鳥新町,汐浦・中華街,汐浦・中華街,二鳥新町,汐浦大橋,二鳥新町,二鳥新町,汐浦・中華街,汐浦・中華街,二鳥新町,二鳥新町,汐浦・中華街,汐浦・中華街,二鳥新町,二鳥新町,汐浦・中華街,汐浦・中華街,二鳥新町,二鳥新町,汐浦・中華街,汐浦・中華街,二鳥新町,二鳥新町,汐浦・中華街,汐浦・中華街,二鳥新町,二鳥新町,汐浦・中華街,汐浦・中華街,二鳥新町,二鳥新町,汐浦・中華街,汐浦・中華街,二鳥新町,二鳥新町,汐浦・中華街,汐浦・中華街,二鳥新町,二鳥新町,汐浦・中華街,汐浦・中華街,二鳥新町,二鳥新町,汐浦・中華街,汐浦・中華街,二鳥新町,二鳥新町,汐浦・中華街,汐浦・中華街,二鳥新町,二鳥新町,汐浦・中華街,汐浦・中華街,二鳥新町,二鳥新町,汐浦・中華街,汐浦・中華街,二鳥新町,二鳥新町,汐浦・中華街,汐浦・中華街,二鳥新町,二鳥新町,汐浦・中華街,汐浦・中華街,二鳥新町,二鳥新町,汐浦・中華街,汐浦・中華街,二鳥新町,二鳥新町,汐浦・中華街,汐浦・中華街,二鳥新町,二鳥新町,汐浦・中華街,汐浦・中華街,二鳥新町,二鳥新町,汐浦・中華街,汐浦・中華街,二鳥新町,二鳥新町,汐浦・中華街,汐浦・中華街,二鳥新町,二鳥新町,汐浦・中華街,汐浦・中華街,二鳥新町,二鳥新町,汐浦・中華街,汐浦・中華街,二鳥新町,二鳥新町,汐浦・中華街,汐浦・中華街,二鳥新町,二鳥新町,汐浦・中華街,汐浦・中華街,二鳥新町,二鳥新町,汐浦・中華街,汐浦・中華街,二鳥新町,二鳥新町,汐浦・中華街,汐浦・中華街,二鳥新町,二鳥新町,汐浦・中華街,汐浦・中華街,二鳥新町,二鳥新町,汐浦・中華街,汐浦・中華街,二鳥新町,二鳥新町,汐浦・中華街,汐浦・中華街,二鳥新町,二鳥新町,汐浦・中華街,汐浦・中華街,二鳥新町,二鳥新町,汐浦・中華街,汐浦・中華街,二鳥新町,二鳥新町,汐浦・中華街,汐浦・中華街,二鳥新町,二鳥新町,汐浦・中華街,汐浦・中華街,二鳥新町,二鳥新町,汐浦・中華街,汐浦・中華街,二鳥新町,二鳥新町,汐浦・中華街,汐浦・中華街,二鳥新町,二鳥新町,汐浦・中華街,汐浦・中華街,二鳥新町,二鳥新町,汐浦・中華街,汐浦・中華街,二鳥新町,二鳥新町,汐浦・中華街,汐浦・中華街,二鳥新町,二鳥新町,汐浦・中華街,汐浦・中華街,二鳥新町,二鳥新町,汐浦・中華街,汐浦・中華街,二鳥新町,二鳥新町,汐浦・中華街,汐浦・中華街,二鳥新町,九十九市場,二鳥新町,汐浦・中華街,汐浦・中華街,二鳥新町,九十九市場,二鳥新町,汐浦・中華街,汐浦・中華街,二鳥新町,二鳥新町,汐浦・中華街,汐浦・中華街,二鳥新町,二鳥新町,汐浦・中華街,汐浦・中華街,二鳥新町,二鳥新町,汐浦・中華街,汐浦・中華街,二鳥新町,二鳥新町,汐浦・中華街,汐浦・中華街,二鳥新町,二鳥新町,汐浦・中華街,汐浦・中華街,二鳥新町,二鳥新町,汐浦・中華街,汐浦・中華街,二鳥新町,二鳥新町,汐浦・中華街,汐浦・中華街,二鳥新町,二鳥新町,汐浦・中華街,汐浦・中華街,二鳥新町,二鳥新町,汐浦・中華街,汐浦・中華街,二鳥新町,二鳥新町,汐浦・中華街,汐浦・中華街,二鳥新町,二鳥新町,汐浦・中華街,汐浦・中華街,二鳥新町,二鳥新町,汐浦・中華街,汐浦・中華街,二鳥新町,二鳥新町,汐浦・中華街,汐浦・中華街,二鳥新町,二鳥新町,汐浦・中華街,汐浦・中華街,二鳥新町,二鳥新町,汐浦・中華街,汐浦・中華街,二鳥新町,二鳥新町,汐浦・中華街,汐浦・中華街,二鳥新町,二鳥新町,汐浦・中華街,汐浦・中華街,二鳥新町,二鳥新町,汐浦・中華街,汐浦・中華街,二鳥新町,二鳥新町,汐浦・中華街,汐浦・中華街,二鳥新町,二鳥新町,汐浦・中華街,汐浦・中華街,二鳥新町,二鳥新町,汐浦・中華街,汐浦・中華街,二鳥新町,二鳥新町,汐浦・中華街,汐浦・中華街,二鳥新町,二鳥新町,汐浦・中華街,汐浦・中華街,二鳥新町,二鳥新町,汐浦・中華街,汐浦・中華街,二鳥新町,二鳥新町,汐浦・中華街,汐浦・中華街,二鳥新町,二鳥新町,汐浦・中華街,汐浦・中華街,二鳥新町,二鳥新町,汐浦・中華街,汐浦・中華街,二鳥新町,二鳥新町,汐浦・中華街,汐浦・中華街,二鳥新町,二鳥新町,汐浦・中華街,汐浦・中華街,二鳥新町,二鳥新町,汐浦・中華街,汐浦・中華街,二鳥新町,二鳥新町,汐浦・中華街,汐浦・中華街,二鳥新町,二鳥新町,汐浦・中華街,汐浦・中華街,二鳥新町,二鳥新町,汐浦・中華街,汐浦・中華街,二鳥新町,二鳥新町,汐浦・中華街,汐浦・中華街,二鳥新町,二鳥新町,汐浦・中華街,汐浦・中華街,二鳥新町,二鳥新町,四津川大学前,汐浦・中華街,汐浦・中華街,二鳥新町,二俣湖,汐浦・中華街,汐浦・中華街,二鳥新町,二鳥新町,汐浦・中華街,新二鳥,二鳥新町,,汐浦・中華街,二鳥新町,二鳥新町,二鳥新町,汐浦・中華街,汐浦・中華街,二鳥新町,二鳥新町,汐浦・中華街,汐浦・中華街,二鳥新町,二鳥新町,汐浦・中華街,汐浦・中華街,二鳥新町,二鳥新町,汐浦・中華街,汐浦・中華街,二鳥新町,二鳥新町,汐浦・中華街,汐浦・中華街,二鳥新町,二鳥新町,汐浦・中華街,汐浦・中華街,二鳥新町,二鳥新町,汐浦・中華街,汐浦・中華街,二鳥新町,二鳥新町,汐浦・中華街,汐浦・中華街,二鳥新町,二鳥新町,汐浦・中華街,汐浦・中華街,二鳥新町,二鳥新町,汐浦・中華街,汐浦・中華街,二鳥新町,二鳥新町,汐浦・中華街,汐浦・中華街,二鳥新町,二鳥新町,汐浦・中華街,汐浦・中華街,二鳥新町,二鳥新町,汐浦・中華街,汐浦・中華街,二鳥新町,二鳥新町,汐浦・中華街,汐浦・中華街,二鳥新町,汐浦・中華街,汐浦・中華街,二俣湖
始発駅作業,,出区,出区,出区,出区,出区,,出区,出区,,,,,,,,,,,,,出区,,,,,,,出区,,,,,,,,,出区,,,,,出区,,出区,,,出区,,,,,,,,,,,,,,,,,,,,,,,,,,,,,,,,,,,,,,,,,,,,,,,,,,,,,,,,,,,,,,,,,,,,,,,,,,,,,,,,,,,,,,,,,,,,,,,,,,,,,,,,,,,,,,,,,,,,,,,,,,,,,,,,,,,,,,,,,,,,,,,,,,,,,,,,,,,,,,,,,,,,,,,,,,,,,,,,,,,,,,,,,,,,,,,,,,,,,,,,,,,,,,,,,,,,,,,,,,,,,,,,,,,,,,,,,,,,,,,,,,出区,,,,,出区,,,,,,,,,,,,,,,,,,,,,,,,,,,,,,,,,,,,,,,,,,,,,,,,,,,,,,,,,,,,,,,,,,,,,,,,,,,,,,,,,,,,,,,,,,,,,,,,,,,,,,,,,,,,,,,,,,,,,,,,,,,,,,,,,,,,,,,,,,,,,,,,,,,,,,,,,,,,,,,,,,,,,,,,,,,,,,,,,,,,,,,,,,,,,,,,,,,,,,,,,,,,,,,,,,,,,,,,,,,,
,, 4:40:00, 4:37:30, 4:46:15, 5:08:20, 5:18:05,, 5:32:35, 5:37:00,,,,,,,,,,,,, 6:10:30,,,,,,, 6:37:40,,,,,,,,, 6:54:00,,,,, 6:48:00,, 6:43:00,,, 7:10:00,,,,,,,,, 7:17:30,,,,,,,, 7:30:30,,,,,,,,, 7:46:00,,,,,,,,, 8:02:45,,,,,,,,, 8:19:00,,,,,,,,,,,,,,,,,,,,,,,,,,,,,,,,,,,,,,,,,,,,,,,,,,,,,,,,,,,,,,,,,,,,,,,,,,,,,,,,,,,,,,,,,,,,,,,,,,,,,,,,,,,,,,,,,,,,,,,,,,,,,,,,,,,,,,,,,,,,,,,,,,,,,,,,,,,,,,,,,,,,,,,,,,,,,,,,,,,,,,,,,,,,,,,,,,,,,,16:17:05,,,,,16:31:35,,,,,,,,,,,,,,,,,,,,,,,,,,,,,,,,,,,,,,,,,,,,,,,,,,,,,,,,,,,,,,,,,,,,,,,,,,,,,,,,,,,,,,,,,,,,,,,,,,,,,,,,,,,,,,,,,,,,,,,,,,,,,,,,,,,,,,,,,,,,,,,,,,,,,,,,,,,,,,,,,,,,,,,,,,,,,,,,,,,,,,,,,,,,,,,,,,,,,,,,,,,,,,,,,,,,,,,,,,,,
,,57S,05,02,22K,09,,08,21K,,,,,,,,,,,,,51S,,,,,,,01,,,,,,,,,27K,,,,,30K,,72S,,,24K,,,,,,,,,,,,,,,,,,,,,,,,,,,,,,,,,,,,,,,,,,,,,,,,,,,,,,,,,,,,,,,,,,,,,,,,,,,,,,,,,,,,,,,,,,,,,,,,,,,,,,,,,,,,,,,,,,,,,,,,,,,,,,,,,,,,,,,,,,,,,,,,,,,,,,,,,,,,,,,,,,,,,,,,,,,,,,,,,,,,,,,,,,,,,,,,,,,,,,,,,,,,,,,,,,,,,,,,,,,,,,,,,,,,,,,,,,,,,,,,,,06,,,,,53S,,,,,,,,,,,,,,,,,,,,,,,,,,,,,,,,,,,,,,,,,,,,,,,,,,,,,,,,,,,,,,,,,,,,,,,,,,,,,,,,,,,,,,,,,,,,,,,,,,,,,,,,,,,,,,,,,,,,,,,,,,,,,,,,,,,,,,,,,,,,,,,,,,,,,,,,,,,,,,,,,,,,,,,,,,,,,,,,,,,,,,,,,,,,,,,,,,,,,,,,,,,,,,,,,,,,,,,,,,,,
終着駅,,新二鳥,菊中市,菊中市,菊中市,菊中市,菊中市,菊中市,菊中市,二鳥新町,菊中市,菊中市,二鳥新町,菊中市,菊中市,菊中市,新二鳥,二鳥新町,菊中市,菊中市,新二鳥,二鳥新町,菊中市,菊中市,新二鳥,菊中市,二鳥新町,菊中市,菊中市,新二鳥,二鳥新町,菊中市,新二鳥,菊中市,菊中市,二鳥新町,菊中市,菊中市,新二鳥,二鳥新町,菊中市,菊中市,二鳥新町,菊中市,新二鳥,二鳥新町,菊中市,菊中市,新二鳥,二鳥新町,菊中市,菊中市,菊中市,新二鳥,二鳥新町,菊中市,菊中市,菊中市,新二鳥,二鳥新町,菊中市,菊中市,二鳥新町,菊中市,菊中市,新二鳥,二鳥新町,菊中市,菊中市,新二鳥,二鳥新町,菊中市,菊中市,菊中市,新二鳥,二鳥新町,菊中市,菊中市,新二鳥,菊中市,二鳥新町,菊中市,菊中市,新二鳥,二鳥新町,菊中市,菊中市,新二鳥,二鳥新町,菊中市,菊中市,菊中市,新二鳥,二鳥新町,菊中市,菊中市,新二鳥,二鳥新町,菊中市,菊中市,新二鳥,二鳥新町,菊中市,菊中市,新二鳥,二鳥新町,菊中市,菊中市,新二鳥,二鳥新町,菊中市,菊中市,新二鳥,二鳥新町,菊中市,菊中市,新二鳥,二鳥新町,菊中市,菊中市,新二鳥,二鳥新町,菊中市,新二鳥,滝之川,菊中市,新二鳥,二鳥新町,菊中市,菊中市,新二鳥,二鳥新町,菊中市,菊中市,新二鳥,二鳥新町,菊中市,菊中市,新二鳥,二鳥新町,菊中市,菊中市,新二鳥,二鳥新町,菊中市,菊中市,新二鳥,二鳥新町,菊中市,菊中市,新二鳥,二鳥新町,菊中市,菊中市,新二鳥,二鳥新町,菊中市,菊中市,新二鳥,二鳥新町,菊中市,菊中市,新二鳥,二鳥新町,菊中市,菊中市,新二鳥,二鳥新町,菊中市,菊中市,新二鳥,二鳥新町,菊中市,菊中市,新二鳥,二鳥新町,菊中市,菊中市,新二鳥,二鳥新町,菊中市,菊中市,新二鳥,二鳥新町,菊中市,菊中市,新二鳥,二鳥新町,菊中市,菊中市,新二鳥,二鳥新町,菊中市,菊中市,新二鳥,二鳥新町,菊中市,菊中市,新二鳥,二鳥新町,菊中市,菊中市,新二鳥,二鳥新町,菊中市,菊中市,新二鳥,二鳥新町,菊中市,菊中市,新二鳥,二鳥新町,菊中市,菊中市,新二鳥,二鳥新町,菊中市,菊中市,新二鳥,二鳥新町,菊中市,菊中市,新二鳥,二鳥新町,菊中市,菊中市,新二鳥,二鳥新町,菊中市,菊中市,新二鳥,二鳥新町,菊中市,菊中市,新二鳥,二鳥新町,菊中市,菊中市,新二鳥,二鳥新町,菊中市,菊中市,新二鳥,二鳥新町,菊中市,菊中市,新二鳥,二鳥新町,菊中市,菊中市,新二鳥,二鳥新町,菊中市,菊中市,新二鳥,二鳥新町,菊中市,菊中市,新二鳥,二鳥新町,菊中市,菊中市,新二鳥,二鳥新町,菊中市,菊中市,新二鳥,二鳥新町,菊中市,菊中市,新二鳥,二鳥新町,菊中市,菊中市,新二鳥,二鳥新町,菊中市,菊中市,新二鳥,二鳥新町,菊中市,菊中市,新二鳥,二鳥新町,菊中市,菊中市,新二鳥,二鳥新町,菊中市,菊中市,菊中市,新二鳥,二鳥新町,菊中市,菊中市,菊中市,新二鳥,二鳥新町,菊中市,菊中市,新二鳥,二鳥新町,菊中市,菊中市,新二鳥,二鳥新町,菊中市,菊中市,新二鳥,二鳥新町,菊中市,菊中市,新二鳥,二鳥新町,菊中市,菊中市,新二鳥,二鳥新町,菊中市,菊中市,新二鳥,二鳥新町,菊中市,菊中市,新二鳥,二鳥新町,菊中市,菊中市,新二鳥,二鳥新町,菊中市,菊中市,新二鳥,二鳥新町,菊中市,菊中市,新二鳥,二鳥新町,菊中市,菊中市,新二鳥,二鳥新町,菊中市,菊中市,新二鳥,二鳥新町,菊中市,菊中市,新二鳥,二鳥新町,菊中市,菊中市,新二鳥,二鳥新町,菊中市,菊中市,新二鳥,二鳥新町,菊中市,菊中市,新二鳥,二鳥新町,菊中市,菊中市,新二鳥,二鳥新町,菊中市,菊中市,新二鳥,二鳥新町,菊中市,菊中市,新二鳥,二鳥新町,菊中市,菊中市,新二鳥,二鳥新町,菊中市,菊中市,新二鳥,二鳥新町,菊中市,菊中市,新二鳥,二鳥新町,菊中市,菊中市,新二鳥,二鳥新町,菊中市,菊中市,新二鳥,二鳥新町,菊中市,菊中市,新二鳥,二鳥新町,菊中市,菊中市,新二鳥,二鳥新町,菊中市,菊中市,新二鳥,二鳥新町,菊中市,菊中市,新二鳥,二鳥新町,菊中市,菊中市,新二鳥,二鳥新町,菊中市,菊中市,新二鳥,二鳥新町,菊中市,菊中市,新二鳥,二鳥新町,菊中市,菊中市,新二鳥,二鳥新町,菊中市,菊中市,新二鳥,二鳥新町,菊中市,菊中市,新二鳥,二鳥新町,菊中市,滝之川,新二鳥,二鳥新町,菊中市,菊中市,菊中市,新二鳥,二鳥新町,二俣湖,滝之川,新二鳥,二鳥新町,菊中市,菊中市,新二鳥,二鳥新町,滝之川,,二鳥新町,菊中市,滝之川,菊中市,新二鳥,二鳥新町,菊中市,菊中市,新二鳥,二鳥新町,菊中市,菊中市,新二鳥,二鳥新町,菊中市,菊中市,新二鳥,二鳥新町,菊中市,菊中市,新二鳥,二鳥新町,菊中市,菊中市,新二鳥,二鳥新町,菊中市,菊中市,新二鳥,二鳥新町,菊中市,菊中市,新二鳥,二鳥新町,菊中市,菊中市,新二鳥,二鳥新町,菊中市,菊中市,新二鳥,二鳥新町,菊中市,菊中市,新二鳥,二鳥新町,菊中市,菊中市,新二鳥,二鳥新町,菊中市,菊中市,新二鳥,二鳥新町,菊中市,九十九市場,新二鳥,二鳥新町,二俣湖,汐浪公園,新二鳥,滝之川
終着駅作業,,,,,,,,,,,,,,,,,,,,,,,,,,,,,,,,,,,,,,,,,,,,,,,,,,,,,,,,,,,,,,,,,,,,,,,,,,,,,,,,,,,,,,,,,,,,,,,,,,,,,,,,,,,,,,,,,,,,,,,,,,,,入区,入区,,,,,,,,,,,,,,,,,,,,,,,,,,,,,,,,,,,,,,,,,,,,,,,,,,,,,,,,,,,,,,,,,,,,,,,,,,,,,,,,,,,,,,,,,,,,,,,,,,,,,,,,,,,,,,,,,,,,,,,,,,,,,,,,,,,,,,入区,,,,,,,,,,,,,,,,,,,,,,,,,,,,,,,,,,,,,,,,,,,,,,,,,,,,,,,,,,,,,,,,,,,,,,,,,,,,,,,,,,,,,,,,,,,,,,,,,,,,,,,,,,,,,,,,,,,,,,,,,,,,,,,,,,,,,,,,,,,,,,,,,,,,,,,,,,,,,,,,,,,,,,,,,,,,,,,,,入区,入区,,,,,,,,入区,,,,,,,入区,,,,入区,,,,,,,,,,,,,,,,,,,,,,,,,,,,,,,,,,,,,,,,,,,,,,,,,入区,,,,入区,,,入区,入区,入区,入区
,, 4:59:00,,,,,,,,,,,,,,, 6:06:00,,,, 6:16:00,,,, 6:26:00,,,,, 6:34:00,,, 6:42:00,,,,,, 6:50:00,,,,,, 6:59:00,,,, 7:08:00,,,,, 7:14:30,,,,, 7:22:30,,,,,,, 7:33:30,,,, 7:41:30,,,,, 7:49:30,,,, 7:57:30,,,,, 8:05:30,,,, 8:13:30,,,,, 8:21:30,,,, 8:29:30,,,, 8:37:30,,,, 8:45:30,,,, 8:53:30,,,, 9:00:30,,,, 9:10:30,,,, 9:20:30,,, 9:25:00, 9:36:00,, 9:30:30,,,, 9:40:30,,,, 9:50:30,,,,10:00:30,,,,10:10:30,,,,10:20:30,,,,10:30:30,,,,10:40:30,,,,10:50:30,,,,11:00:30,,,,11:10:30,,,,11:20:30,,,,11:30:30,,,,11:40:30,,,,11:50:30,,,,12:00:30,,,,12:10:30,,,,12:20:30,,,,12:30:30,,,,12:40:30,,,,12:50:30,,,,13:00:30,,,,13:10:30,,,,13:20:30,,,,13:30:30,,,,13:40:30,,,,13:50:30,,,,14:00:30,,,,14:10:30,,,,14:20:30,,,,14:30:30,,,,14:40:30,,,,14:50:30,,,,15:00:30,,,,15:10:30,,,,15:20:30,,,,15:30:30,,,,15:40:30,,,,15:50:30,,,,16:00:30,,,,16:10:30,,,,,16:20:30,,,,,16:30:30,,,,16:38:30,,,,16:46:30,,,,16:54:30,,,,17:02:30,,,,17:10:30,,,,17:18:30,,,,17:26:30,,,,17:34:30,,,,17:42:30,,,,17:50:30,,,,17:58:30,,,,18:06:30,,,,18:14:30,,,,18:22:30,,,,18:30:30,,,,18:38:30,,,,18:46:30,,,,18:54:30,,,,19:02:30,,,,19:10:30,,,,19:18:30,,,,19:26:30,,,,19:34:30,,,,19:42:30,,,,19:50:30,,,,19:58:30,,,,20:06:30,,,,20:14:30,,,,20:22:30,,,,20:30:30,,,,20:38:30,,,,20:46:30,,,,20:54:30,,,,21:02:30,,,21:22:50,21:10:30,,,,,21:18:30,,,21:29:00,21:26:30,,,,,,21:52:00,,,,21:52:00,,21:46:30,,,,22:01:30,,,,22:16:30,,,,22:31:30,,,,22:46:30,,,,23:01:30,,,,23:16:30,,,,23:31:30,,,,23:46:30,,,, 0:01:30,,,, 0:16:30,,,, 0:31:30,,, 1:07:00, 0:46:30,,, 1:09:00, 0:58:15,, 1:05:00, 1:04:00, 1:11:30, 1:15:00
汐浦・中華街,番線,2,,,,,1,,,1,,,1,,,,1,2,,,1,,,,2,,2,,,1,2,,1,,,2,,,1,1,,,,,,2,,,1,2,,,,1,2,,,,1,2,,,1,,,1,2,,,1,2,,,,1,2,,,1,,2,,,1,2,,,1,2,,,,1,2,,,1,2,,,1,2,,,1,2,,,1,2,,,1,2,,,1,2,,,1,2,,,,,1,2,,,1,2,,,1,2,,,1,2,,,1,2,,,1,2,,,1,2,,,1,2,,,1,2,,,1,2,,,1,2,,,1,2,,,1,2,,,1,2,,,1,2,,,1,2,,,1,2,,,1,2,,,1,2,,,1,2,,,1,2,,,1,2,,,1,2,,,1,2,,,1,2,,,1,2,,,1,2,,,1,2,,,1,2,,,1,2,,,1,2,,,1,2,,,1,2,,,1,2,,,1,2,,,1,2,,,1,2,,,1,2,,,1,2,,,1,2,,,1,2,,,,1,2,,,,1,2,,,1,2,,,1,2,,,1,2,,,1,2,,,1,2,,,1,2,,,1,2,,,1,2,,,1,2,,,1,2,,,1,2,,,1,2,,,1,2,,,1,2,,,1,2,,,1,2,,,1,2,,,1,2,,,1,2,,,1,2,,,1,2,,,1,2,,,1,2,,,1,2,,,1,2,,,1,2,,,1,2,,,1,2,,,1,2,,,1,2,,,1,2,,,1,2,,,1,2,,,1,2,,,1,2,,,,1,2,,,1,2,,,1,,,,2,,,,1,2,,,1,2,,,1,2,,,1,2,,,1,2,,,1,2,,,1,2,,,1,2,,,1,2,,,1,2,,,1,2,,,1,2,,,1,2,,,1,2,,1,2,
汐浦・中華街,発, 4:40:00,,,,, 5:00:00,,, 5:15:00,,, 5:30:00,,,, 5:47:00, 5:50:00,,, 5:57:00,,,, 6:07:00,, 6:12:00,,, 6:15:00, 6:20:00,, 6:23:00,,, 6:28:00,,, 6:31:00, 6:38:00,,,,,, 6:43:00,,, 6:49:00, 6:52:00,,,, 6:57:00, 7:00:00,,,, 7:05:00, 7:10:00,,, 7:11:00,,, 7:16:00, 7:19:00,,, 7:24:00, 7:27:00,,,, 7:32:00, 7:35:00,,, 7:40:00,, 7:43:00,,, 7:48:00, 7:51:00,,, 7:56:00, 7:59:00,,,, 8:04:00, 8:07:00,,, 8:12:00, 8:15:00,,, 8:20:00, 8:23:00,,, 8:28:00, 8:31:00,,, 8:36:00, 8:39:00,,, 8:43:00, 8:48:20,,, 8:53:00, 8:58:20,,, 9:03:00, 9:08:20,,,,, 9:13:00, 9:18:20,,, 9:23:00, 9:28:20,,, 9:33:00, 9:38:20,,, 9:43:00, 9:48:20,,, 9:53:00, 9:58:20,,,10:03:00,10:08:20,,,10:13:00,10:18:20,,,10:23:00,10:28:20,,,10:33:00,10:38:20,,,10:43:00,10:48:20,,,10:53:00,10:58:20,,,11:03:00,11:08:20,,,11:13:00,11:18:20,,,11:23:00,11:28:20,,,11:33:00,11:38:20,,,11:43:00,11:48:20,,,11:53:00,11:58:20,,,12:03:00,12:08:20,,,12:13:00,12:18:20,,,12:23:00,12:28:20,,,12:33:00,12:38:20,,,12:43:00,12:48:20,,,12:53:00,12:58:20,,,13:03:00,13:08:20,,,13:13:00,13:18:20,,,13:23:00,13:28:20,,,13:33:00,13:38:20,,,13:43:00,13:48:20,,,13:53:00,13:58:20,,,14:03:00,14:08:20,,,14:13:00,14:18:20,,,14:23:00,14:28:20,,,14:33:00,14:38:20,,,14:43:00,14:48:20,,,14:53:00,14:58:20,,,15:03:00,15:08:20,,,15:13:00,15:18:20,,,15:23:00,15:28:20,,,15:33:00,15:38:20,,,15:43:00,15:48:20,,,15:53:00,15:58:20,,,,16:03:00,16:08:20,,,,16:13:00,16:18:20,,,16:21:00,16:26:20,,,16:29:00,16:34:20,,,16:37:00,16:42:20,,,16:45:00,16:50:20,,,16:53:00,16:58:20,,,17:01:00,17:06:20,,,17:09:00,17:14:20,,,17:17:00,17:22:20,,,17:25:00,17:30:20,,,17:33:00,17:38:20,,,17:41:00,17:46:20,,,17:49:00,17:54:20,,,17:57:00,18:02:20,,,18:05:00,18:10:20,,,18:13:00,18:18:20,,,18:21:00,18:26:20,,,18:29:00,18:34:20,,,18:37:00,18:42:20,,,18:45:00,18:50:20,,,18:53:00,18:58:20,,,19:01:00,19:06:20,,,19:09:00,19:14:20,,,19:17:00,19:22:20,,,19:25:00,19:30:20,,,19:33:00,19:38:20,,,19:41:00,19:46:20,,,19:49:00,19:54:20,,,19:57:00,20:02:20,,,20:05:00,20:10:20,,,20:13:00,20:18:20,,,20:21:00,20:26:20,,,20:29:00,20:34:20,,,20:37:00,20:42:20,,,20:45:00,20:50:20,,,20:53:00,20:58:20,,,,21:01:00,21:06:20,,,21:09:00,21:14:20,,,21:16:25,,,,21:21:20,,,,21:29:00,21:34:20,,,21:44:00,21:49:20,,,21:59:00,22:04:20,,,22:14:00,22:19:20,,,22:29:00,22:34:20,,,22:44:00,22:49:20,,,22:59:00,23:04:20,,,23:14:00,23:19:20,,,23:29:00,23:34:20,,,23:44:00,23:49:20,,,23:59:00, 0:04:20,,, 0:14:00, 0:19:20,,, 0:29:00, 0:34:20,,, 0:42:00, 0:47:00,, 1:00:00, 0:54:00,
古中大通り,発, 4:42:00,,,,, 5:02:00,,, 5:17:00,,, 5:32:00,,,, 5:49:00, 5:52:00,,, 5:59:00,,,, 6:09:00,, 6:14:00,,, 6:17:00, 6:22:00,, 6:25:00,,, 6:30:00,,, 6:33:00, ﾚ,,,,,, 6:45:00,,, 6:51:00, 6:54:00,,,, 6:59:00, 7:02:00,,,, 7:07:00, ﾚ,,, 7:13:00,,, 7:18:00, 7:21:00,,, 7:26:00, 7:29:00,,,, 7:34:00, 7:37:00,,, 7:42:00,, 7:45:00,,, 7:50:00, 7:53:00,,, 7:58:00, 8:01:00,,,, 8:06:00, 8:09:00,,, 8:14:00, 8:17:00,,, 8:22:00, 8:25:00,,, 8:30:00, 8:33:00,,, 8:38:00, 8:41:00,,, 8:45:00, ﾚ,,, 8:55:00, ﾚ,,, 9:05:00, ﾚ,,,,, 9:15:00, ﾚ,,, 9:25:00, ﾚ,,, 9:35:00, ﾚ,,, 9:45:00, ﾚ,,, 9:55:00, ﾚ,,,10:05:00, ﾚ,,,10:15:00, ﾚ,,,10:25:00, ﾚ,,,10:35:00, ﾚ,,,10:45:00, ﾚ,,,10:55:00, ﾚ,,,11:05:00, ﾚ,,,11:15:00, ﾚ,,,11:25:00, ﾚ,,,11:35:00, ﾚ,,,11:45:00, ﾚ,,,11:55:00, ﾚ,,,12:05:00, ﾚ,,,12:15:00, ﾚ,,,12:25:00, ﾚ,,,12:35:00, ﾚ,,,12:45:00, ﾚ,,,12:55:00, ﾚ,,,13:05:00, ﾚ,,,13:15:00, ﾚ,,,13:25:00, ﾚ,,,13:35:00, ﾚ,,,13:45:00, ﾚ,,,13:55:00, ﾚ,,,14:05:00, ﾚ,,,14:15:00, ﾚ,,,14:25:00, ﾚ,,,14:35:00, ﾚ,,,14:45:00, ﾚ,,,14:55:00, ﾚ,,,15:05:00, ﾚ,,,15:15:00, ﾚ,,,15:25:00, ﾚ,,,15:35:00, ﾚ,,,15:45:00, ﾚ,,,15:55:00, ﾚ,,,,16:05:00, ﾚ,,,,16:15:00, ﾚ,,,16:23:00, ﾚ,,,16:31:00, ﾚ,,,16:39:00, ﾚ,,,16:47:00, ﾚ,,,16:55:00, ﾚ,,,17:03:00, ﾚ,,,17:11:00, ﾚ,,,17:19:00, ﾚ,,,17:27:00, ﾚ,,,17:35:00, ﾚ,,,17:43:00, ﾚ,,,17:51:00, ﾚ,,,17:59:00, ﾚ,,,18:07:00, ﾚ,,,18:15:00, ﾚ,,,18:23:00, ﾚ,,,18:31:00, ﾚ,,,18:39:00, ﾚ,,,18:47:00, ﾚ,,,18:55:00, ﾚ,,,19:03:00, ﾚ,,,19:11:00, ﾚ,,,19:19:00, ﾚ,,,19:27:00, ﾚ,,,19:35:00, ﾚ,,,19:43:00, ﾚ,,,19:51:00, ﾚ,,,19:59:00, ﾚ,,,20:07:00, ﾚ,,,20:15:00, ﾚ,,,20:23:00, ﾚ,,,20:31:00, ﾚ,,,20:39:00, ﾚ,,,20:47:00, ﾚ,,,20:55:00, ﾚ,,,,21:03:00, ﾚ,,,21:11:00, ﾚ,,,21:18:25,,,, ﾚ,,,,21:31:00, ﾚ,,,21:46:00, ﾚ,,,22:01:00, ﾚ,,,22:16:00, ﾚ,,,22:31:00, ﾚ,,,22:46:00, ﾚ,,,23:01:00, ﾚ,,,23:16:00, ﾚ,,,23:31:00, ﾚ,,,23:46:00, ﾚ,,, 0:01:00, ﾚ,,, 0:16:00, ﾚ,,, 0:31:00, ﾚ,,, 0:44:00, ﾚ,, ﾚ, 0:56:00,
汐浪公園,着, 4:43:25,,,,, 5:03:25,,, 5:18:25,,, 5:33:25,,,, 5:50:25, 5:53:25,,, 6:00:25,,,, 6:10:25,, 6:15:25,,, 6:18:25, 6:23:25,, 6:26:25,,, 6:31:25,,, 6:34:25, 6:40:35,,,,,, 6:46:25,,, 6:52:25, 6:55:25,,,, 7:00:25, 7:03:25,,,, 7:08:25, 7:12:35,,, 7:14:25,,, 7:19:25, 7:22:25,,, 7:27:25, 7:30:25,,,, 7:35:25, 7:38:25,,, 7:43:25,, 7:46:25,,, 7:51:25, 7:54:25,,, 7:59:25, 8:02:25,,,, 8:07:25, 8:10:25,,, 8:15:25, 8:18:25,,, 8:23:25, 8:26:25,,, 8:31:25, 8:34:25,,, 8:39:25, 8:42:25,,, 8:46:25, 8:50:55,,, 8:56:25, 9:00:55,,, 9:06:25, 9:10:55,,,,, 9:16:25, 9:20:55,,, 9:26:25, 9:30:55,,, 9:36:25, 9:40:55,,, 9:46:25, 9:50:55,,, 9:56:25,10:00:55,,,10:06:25,10:10:55,,,10:16:25,10:20:55,,,10:26:25,10:30:55,,,10:36:25,10:40:55,,,10:46:25,10:50:55,,,10:56:25,11:00:55,,,11:06:25,11:10:55,,,11:16:25,11:20:55,,,11:26:25,11:30:55,,,11:36:25,11:40:55,,,11:46:25,11:50:55,,,11:56:25,12:00:55,,,12:06:25,12:10:55,,,12:16:25,12:20:55,,,12:26:25,12:30:55,,,12:36:25,12:40:55,,,12:46:25,12:50:55,,,12:56:25,13:00:55,,,13:06:25,13:10:55,,,13:16:25,13:20:55,,,13:26:25,13:30:55,,,13:36:25,13:40:55,,,13:46:25,13:50:55,,,13:56:25,14:00:55,,,14:06:25,14:10:55,,,14:16:25,14:20:55,,,14:26:25,14:30:55,,,14:36:25,14:40:55,,,14:46:25,14:50:55,,,14:56:25,15:00:55,,,15:06:25,15:10:55,,,15:16:25,15:20:55,,,15:26:25,15:30:55,,,15:36:25,15:40:55,,,15:46:25,15:50:55,,,15:56:25,16:00:55,,,,16:06:25,16:10:55,,,,16:16:25,16:20:55,,,16:24:25,16:28:55,,,16:32:25,16:36:55,,,16:40:25,16:44:55,,,16:48:25,16:52:55,,,16:56:25,17:00:55,,,17:04:25,17:08:55,,,17:12:25,17:16:55,,,17:20:25,17:24:55,,,17:28:25,17:32:55,,,17:36:25,17:40:55,,,17:44:25,17:48:55,,,17:52:25,17:56:55,,,18:00:25,18:04:55,,,18:08:25,18:12:55,,,18:16:25,18:20:55,,,18:24:25,18:28:55,,,18:32:25,18:36:55,,,18:40:25,18:44:55,,,18:48:25,18:52:55,,,18:56:25,19:00:55,,,19:04:25,19:08:55,,,19:12:25,19:16:55,,,19:20:25,19:24:55,,,19:28:25,19:32:55,,,19:36:25,19:40:55,,,19:44:25,19:48:55,,,19:52:25,19:56:55,,,20:00:25,20:04:55,,,20:08:25,20:12:55,,,20:16:25,20:20:55,,,20:24:25,20:28:55,,,20:32:25,20:36:55,,,20:40:25,20:44:55,,,20:48:25,20:52:55,,,20:56:25,21:00:55,,,,21:04:25,21:08:55,,,21:12:25,21:16:55,,,21:19:50,,,,21:23:55,,,,21:32:25,21:36:55,,,21:47:25,21:51:55,,,22:02:25,22:06:55,,,22:17:25,22:21:55,,,22:32:25,22:36:55,,,22:47:25,22:51:55,,,23:02:25,23:06:55,,,23:17:25,23:21:55,,,23:32:25,23:36:55,,,23:47:25,23:51:55,,, 0:02:25, 0:06:55,,, 0:17:25, 0:21:55,,, 0:32:25, 0:36:55,,, 0:45:25, 0:49:35,, 1:03:10, 0:57:25,
汐浪公園,番線,2,,,,,2,,,2,,,2,,,,2,2,,,2,,,,2,,2,,,2,2,,2,,,2,,,2,2,,,,,1,2,,,2,2,,,,2,2,,,,2,2,,,2,,,2,2,,,2,2,,,,2,2,,,2,,2,,,2,2,,,2,2,,,,2,2,,,2,2,,,2,2,,,2,2,,,2,2,,,2,2,,,2,2,,,2,2,,,,,2,2,,,2,2,,,2,2,,,2,2,,,2,2,,,2,2,,,2,2,,,2,2,,,2,2,,,2,2,,,2,2,,,2,2,,,2,2,,,2,2,,,2,2,,,2,2,,,2,2,,,2,2,,,2,2,,,2,2,,,2,2,,,2,2,,,2,2,,,2,2,,,2,2,,,2,2,,,2,2,,,2,2,,,2,2,,,2,2,,,2,2,,,2,2,,,2,2,,,2,2,,,2,2,,,2,2,,,2,2,,,2,2,,,2,2,,,2,2,,,2,2,,,,2,2,,,,2,2,,,2,2,,,2,2,,,2,2,,,2,2,,,2,2,,,2,2,,,2,2,,,2,2,,,2,2,,,2,2,,,2,2,,,2,2,,,2,2,,,2,2,,,2,2,,,2,2,,,2,2,,,2,2,,,2,2,,,2,2,,,2,2,,,2,2,,,2,2,,,2,2,,,2,2,,,2,2,,,2,2,,,2,2,,,2,2,,,2,2,,,2,2,,,2,2,,,2,2,,,2,2,,,2,2,,,,2,2,,,2,2,,,2,,,,2,,,,2,2,,,2,2,,,2,2,,,2,2,,,2,2,,,2,2,,,2,2,,,2,2,,,2,2,,,2,2,,,2,2,,,2,2,,,2,2,,,2,2,,4,2,
汐浪公園,発, 4:43:55,,,,, 5:03:55,,, 5:18:55,,, 5:33:55,,,, 5:50:55, 5:53:55,,, 6:00:55,,,, 6:10:55,, 6:15:55,,, 6:18:55, 6:23:55,, 6:26:55,,, 6:31:55,,, 6:34:55, 6:41:05,,,,, 6:43:55, 6:46:55,,, 6:52:55, 6:55:55,,,, 7:00:55, 7:03:55,,,, 7:08:55, 7:13:05,,, 7:14:55,,, 7:19:55, 7:22:55,,, 7:27:55, 7:30:55,,,, 7:35:55, 7:38:55,,, 7:43:55,, 7:46:55,,, 7:51:55, 7:54:55,,, 7:59:55, 8:02:55,,,, 8:07:55, 8:10:55,,, 8:15:55, 8:18:55,,, 8:23:55, 8:26:55,,, 8:31:55, 8:34:55,,, 8:39:55, 8:42:55,,, 8:46:55, 8:51:25,,, 8:56:55, 9:01:25,,, 9:06:55, 9:11:25,,,,, 9:16:55, 9:21:25,,, 9:26:55, 9:31:25,,, 9:36:55, 9:41:25,,, 9:46:55, 9:51:25,,, 9:56:55,10:01:25,,,10:06:55,10:11:25,,,10:16:55,10:21:25,,,10:26:55,10:31:25,,,10:36:55,10:41:25,,,10:46:55,10:51:25,,,10:56:55,11:01:25,,,11:06:55,11:11:25,,,11:16:55,11:21:25,,,11:26:55,11:31:25,,,11:36:55,11:41:25,,,11:46:55,11:51:25,,,11:56:55,12:01:25,,,12:06:55,12:11:25,,,12:16:55,12:21:25,,,12:26:55,12:31:25,,,12:36:55,12:41:25,,,12:46:55,12:51:25,,,12:56:55,13:01:25,,,13:06:55,13:11:25,,,13:16:55,13:21:25,,,13:26:55,13:31:25,,,13:36:55,13:41:25,,,13:46:55,13:51:25,,,13:56:55,14:01:25,,,14:06:55,14:11:25,,,14:16:55,14:21:25,,,14:26:55,14:31:25,,,14:36:55,14:41:25,,,14:46:55,14:51:25,,,14:56:55,15:01:25,,,15:06:55,15:11:25,,,15:16:55,15:21:25,,,15:26:55,15:31:25,,,15:36:55,15:41:25,,,15:46:55,15:51:25,,,15:56:55,16:01:25,,,,16:06:55,16:11:25,,,,16:16:55,16:21:25,,,16:24:55,16:29:25,,,16:32:55,16:37:25,,,16:40:55,16:45:25,,,16:48:55,16:53:25,,,16:56:55,17:01:25,,,17:04:55,17:09:25,,,17:12:55,17:17:25,,,17:20:55,17:25:25,,,17:28:55,17:33:25,,,17:36:55,17:41:25,,,17:44:55,17:49:25,,,17:52:55,17:57:25,,,18:00:55,18:05:25,,,18:08:55,18:13:25,,,18:16:55,18:21:25,,,18:24:55,18:29:25,,,18:32:55,18:37:25,,,18:40:55,18:45:25,,,18:48:55,18:53:25,,,18:56:55,19:01:25,,,19:04:55,19:09:25,,,19:12:55,19:17:25,,,19:20:55,19:25:25,,,19:28:55,19:33:25,,,19:36:55,19:41:25,,,19:44:55,19:49:25,,,19:52:55,19:57:25,,,20:00:55,20:05:25,,,20:08:55,20:13:25,,,20:16:55,20:21:25,,,20:24:55,20:29:25,,,20:32:55,20:37:25,,,20:40:55,20:45:25,,,20:48:55,20:53:25,,,20:56:55,21:01:25,,,,21:04:55,21:09:25,,,21:12:55,21:17:25,,,21:20:20,,,,21:24:25,,,,21:32:55,21:37:25,,,21:47:55,21:52:25,,,22:02:55,22:07:25,,,22:17:55,22:22:25,,,22:32:55,22:37:25,,,22:47:55,22:52:25,,,23:02:55,23:07:25,,,23:17:55,23:22:25,,,23:32:55,23:37:25,,,23:47:55,23:52:25,,, 0:02:55, 0:07:25,,, 0:17:55, 0:22:25,,, 0:32:55, 0:37:25,,, 0:45:55, 0:50:05,,, 0:57:55,
汐浦大橋,発, 4:46:15,,,,, 5:06:15,,, 5:21:15,,, 5:36:15,,,, 5:53:15, 5:56:15,,, 6:03:15,,,, 6:13:15,, 6:18:15,,, 6:21:15, 6:26:15,, 6:29:15,,, 6:34:15,,, 6:37:15, ﾚ,,,,, 6:46:15, 6:49:15,,, 6:55:15, 6:58:15,,,, 7:03:15, 7:06:15,,,, 7:11:15, ﾚ,,, 7:17:15,,, 7:22:15, 7:25:15,,, 7:30:15, 7:33:15,,,, 7:38:15, 7:41:15,,, 7:46:15,, 7:49:15,,, 7:54:15, 7:57:15,,, 8:02:15, 8:05:15,,,, 8:10:15, 8:13:15,,, 8:18:15, 8:21:15,,, 8:26:15, 8:29:15,,, 8:34:15, 8:37:15,,, 8:42:15, 8:45:15,,, 8:49:15, ﾚ,,, 8:59:15, ﾚ,,, 9:09:15, ﾚ,, 9:15:00,,, 9:19:15, ﾚ,,, 9:29:15, ﾚ,,, 9:39:15, ﾚ,,, 9:49:15, ﾚ,,, 9:59:15, ﾚ,,,10:09:15, ﾚ,,,10:19:15, ﾚ,,,10:29:15, ﾚ,,,10:39:15, ﾚ,,,10:49:15, ﾚ,,,10:59:15, ﾚ,,,11:09:15, ﾚ,,,11:19:15, ﾚ,,,11:29:15, ﾚ,,,11:39:15, ﾚ,,,11:49:15, ﾚ,,,11:59:15, ﾚ,,,12:09:15, ﾚ,,,12:19:15, ﾚ,,,12:29:15, ﾚ,,,12:39:15, ﾚ,,,12:49:15, ﾚ,,,12:59:15, ﾚ,,,13:09:15, ﾚ,,,13:19:15, ﾚ,,,13:29:15, ﾚ,,,13:39:15, ﾚ,,,13:49:15, ﾚ,,,13:59:15, ﾚ,,,14:09:15, ﾚ,,,14:19:15, ﾚ,,,14:29:15, ﾚ,,,14:39:15, ﾚ,,,14:49:15, ﾚ,,,14:59:15, ﾚ,,,15:09:15, ﾚ,,,15:19:15, ﾚ,,,15:29:15, ﾚ,,,15:39:15, ﾚ,,,15:49:15, ﾚ,,,15:59:15, ﾚ,,,,16:09:15, ﾚ,,,,16:19:15, ﾚ,,,16:27:15, ﾚ,,,16:35:15, ﾚ,,,16:43:15, ﾚ,,,16:51:15, ﾚ,,,16:59:15, ﾚ,,,17:07:15, ﾚ,,,17:15:15, ﾚ,,,17:23:15, ﾚ,,,17:31:15, ﾚ,,,17:39:15, ﾚ,,,17:47:15, ﾚ,,,17:55:15, ﾚ,,,18:03:15, ﾚ,,,18:11:15, ﾚ,,,18:19:15, ﾚ,,,18:27:15, ﾚ,,,18:35:15, ﾚ,,,18:43:15, ﾚ,,,18:51:15, ﾚ,,,18:59:15, ﾚ,,,19:07:15, ﾚ,,,19:15:15, ﾚ,,,19:23:15, ﾚ,,,19:31:15, ﾚ,,,19:39:15, ﾚ,,,19:47:15, ﾚ,,,19:55:15, ﾚ,,,20:03:15, ﾚ,,,20:11:15, ﾚ,,,20:19:15, ﾚ,,,20:27:15, ﾚ,,,20:35:15, ﾚ,,,20:43:15, ﾚ,,,20:51:15, ﾚ,,,20:59:15, ﾚ,,,,21:07:15, ﾚ,,,21:15:15, ﾚ,,,21:22:40,,,, ﾚ,,,,21:35:15, ﾚ,,,21:50:15, ﾚ,,,22:05:15, ﾚ,,,22:20:15, ﾚ,,,22:35:15, ﾚ,,,22:50:15, ﾚ,,,23:05:15, ﾚ,,,23:20:15, ﾚ,,,23:35:15, ﾚ,,,23:50:15, ﾚ,,, 0:05:15, ﾚ,,, 0:20:15, ﾚ,,, 0:35:15, ﾚ,,, 0:48:15, ﾚ,,, 1:00:15,
吉永坂,発, 4:48:15,,,,, 5:08:15,,, 5:23:15,,, 5:38:15,,,, 5:55:15, ﾚ,,, 6:05:15,,,, 6:15:15,, ﾚ,,, 6:23:15, ﾚ,, 6:31:15,,, ﾚ,,, 6:39:15, ﾚ,,,,, 6:48:15, ﾚ,,, 6:57:15, ﾚ,,,, 7:05:15, ﾚ,,,, 7:13:15, ﾚ,,, 7:19:15,,, 7:24:15, ﾚ,,, 7:32:15, ﾚ,,,, 7:40:15, ﾚ,,, 7:48:15,, ﾚ,,, 7:56:15, ﾚ,,, 8:04:15, ﾚ,,,, 8:12:15, ﾚ,,, 8:20:15, ﾚ,,, 8:28:15, ﾚ,,, 8:36:15, ﾚ,,, 8:44:15, ﾚ,,, 8:51:15, ﾚ,,, 9:01:15, ﾚ,,, 9:11:15, ﾚ,, ﾚ,,, 9:21:15, ﾚ,,, 9:31:15, ﾚ,,, 9:41:15, ﾚ,,, 9:51:15, ﾚ,,,10:01:15, ﾚ,,,10:11:15, ﾚ,,,10:21:15, ﾚ,,,10:31:15, ﾚ,,,10:41:15, ﾚ,,,10:51:15, ﾚ,,,11:01:15, ﾚ,,,11:11:15, ﾚ,,,11:21:15, ﾚ,,,11:31:15, ﾚ,,,11:41:15, ﾚ,,,11:51:15, ﾚ,,,12:01:15, ﾚ,,,12:11:15, ﾚ,,,12:21:15, ﾚ,,,12:31:15, ﾚ,,,12:41:15, ﾚ,,,12:51:15, ﾚ,,,13:01:15, ﾚ,,,13:11:15, ﾚ,,,13:21:15, ﾚ,,,13:31:15, ﾚ,,,13:41:15, ﾚ,,,13:51:15, ﾚ,,,14:01:15, ﾚ,,,14:11:15, ﾚ,,,14:21:15, ﾚ,,,14:31:15, ﾚ,,,14:41:15, ﾚ,,,14:51:15, ﾚ,,,15:01:15, ﾚ,,,15:11:15, ﾚ,,,15:21:15, ﾚ,,,15:31:15, ﾚ,,,15:41:15, ﾚ,,,15:51:15, ﾚ,,,16:01:15, ﾚ,,,,16:11:15, ﾚ,,,,16:21:15, ﾚ,,,16:29:15, ﾚ,,,16:37:15, ﾚ,,,16:45:15, ﾚ,,,16:53:15, ﾚ,,,17:01:15, ﾚ,,,17:09:15, ﾚ,,,17:17:15, ﾚ,,,17:25:15, ﾚ,,,17:33:15, ﾚ,,,17:41:15, ﾚ,,,17:49:15, ﾚ,,,17:57:15, ﾚ,,,18:05:15, ﾚ,,,18:13:15, ﾚ,,,18:21:15, ﾚ,,,18:29:15, ﾚ,,,18:37:15, ﾚ,,,18:45:15, ﾚ,,,18:53:15, ﾚ,,,19:01:15, ﾚ,,,19:09:15, ﾚ,,,19:17:15, ﾚ,,,19:25:15, ﾚ,,,19:33:15, ﾚ,,,19:41:15, ﾚ,,,19:49:15, ﾚ,,,19:57:15, ﾚ,,,20:05:15, ﾚ,,,20:13:15, ﾚ,,,20:21:15, ﾚ,,,20:29:15, ﾚ,,,20:37:15, ﾚ,,,20:45:15, ﾚ,,,20:53:15, ﾚ,,,21:01:15, ﾚ,,,,21:09:15, ﾚ,,,21:17:15, ﾚ,,,21:24:40,,,, ﾚ,,,,21:37:15, ﾚ,,,21:52:15, ﾚ,,,22:07:15, ﾚ,,,22:22:15, ﾚ,,,22:37:15, ﾚ,,,22:52:15, ﾚ,,,23:07:15, ﾚ,,,23:22:15, ﾚ,,,23:37:15, ﾚ,,,23:52:15, ﾚ,,, 0:07:15, ﾚ,,, 0:22:15, ﾚ,,, 0:37:15, ﾚ,,, 0:50:15, ﾚ,,, 1:02:15,
北陽町,発, 4:50:20,,,,, 5:10:20,,, 5:25:20,,, 5:40:20,,,, 5:57:20, ﾚ,,, 6:07:20,,,, 6:17:20,, ﾚ,,, 6:25:20, ﾚ,, 6:33:20,,, ﾚ,,, 6:41:20, ﾚ,,,,, 6:50:20, ﾚ,,, 6:59:20, ﾚ,,,, 7:07:20, ﾚ,,,, 7:15:20, ﾚ,,, 7:21:20,,, 7:26:20, ﾚ,,, 7:34:20, ﾚ,,,, 7:42:20, ﾚ,,, 7:50:20,, ﾚ,,, 7:58:20, ﾚ,,, 8:06:20, ﾚ,,,, 8:14:20, ﾚ,,, 8:22:20, ﾚ,,, 8:30:20, ﾚ,,, 8:38:20, ﾚ,,, 8:46:20, ﾚ,,, 8:53:20, ﾚ,,, 9:03:20, ﾚ,,, 9:13:20, ﾚ,, ﾚ,,, 9:23:20, ﾚ,,, 9:33:20, ﾚ,,, 9:43:20, ﾚ,,, 9:53:20, ﾚ,,,10:03:20, ﾚ,,,10:13:20, ﾚ,,,10:23:20, ﾚ,,,10:33:20, ﾚ,,,10:43:20, ﾚ,,,10:53:20, ﾚ,,,11:03:20, ﾚ,,,11:13:20, ﾚ,,,11:23:20, ﾚ,,,11:33:20, ﾚ,,,11:43:20, ﾚ,,,11:53:20, ﾚ,,,12:03:20, ﾚ,,,12:13:20, ﾚ,,,12:23:20, ﾚ,,,12:33:20, ﾚ,,,12:43:20, ﾚ,,,12:53:20, ﾚ,,,13:03:20, ﾚ,,,13:13:20, ﾚ,,,13:23:20, ﾚ,,,13:33:20, ﾚ,,,13:43:20, ﾚ,,,13:53:20, ﾚ,,,14:03:20, ﾚ,,,14:13:20, ﾚ,,,14:23:20, ﾚ,,,14:33:20, ﾚ,,,14:43:20, ﾚ,,,14:53:20, ﾚ,,,15:03:20, ﾚ,,,15:13:20, ﾚ,,,15:23:20, ﾚ,,,15:33:20, ﾚ,,,15:43:20, ﾚ,,,15:53:20, ﾚ,,,16:03:20, ﾚ,,,,16:13:20, ﾚ,,,,16:23:20, ﾚ,,,16:31:20, ﾚ,,,16:39:20, ﾚ,,,16:47:20, ﾚ,,,16:55:20, ﾚ,,,17:03:20, ﾚ,,,17:11:20, ﾚ,,,17:19:20, ﾚ,,,17:27:20, ﾚ,,,17:35:20, ﾚ,,,17:43:20, ﾚ,,,17:51:20, ﾚ,,,17:59:20, ﾚ,,,18:07:20, ﾚ,,,18:15:20, ﾚ,,,18:23:20, ﾚ,,,18:31:20, ﾚ,,,18:39:20, ﾚ,,,18:47:20, ﾚ,,,18:55:20, ﾚ,,,19:03:20, ﾚ,,,19:11:20, ﾚ,,,19:19:20, ﾚ,,,19:27:20, ﾚ,,,19:35:20, ﾚ,,,19:43:20, ﾚ,,,19:51:20, ﾚ,,,19:59:20, ﾚ,,,20:07:20, ﾚ,,,20:15:20, ﾚ,,,20:23:20, ﾚ,,,20:31:20, ﾚ,,,20:39:20, ﾚ,,,20:47:20, ﾚ,,,20:55:20, ﾚ,,,21:03:20, ﾚ,,,,21:11:20, ﾚ,,,21:19:20, ﾚ,,,21:26:45,,,, ﾚ,,,,21:39:20, ﾚ,,,21:54:20, ﾚ,,,22:09:20, ﾚ,,,22:24:20, ﾚ,,,22:39:20, ﾚ,,,22:54:20, ﾚ,,,23:09:20, ﾚ,,,23:24:20, ﾚ,,,23:39:20, ﾚ,,,23:54:20, ﾚ,,, 0:09:20, ﾚ,,, 0:24:20, ﾚ,,, 0:39:20, ﾚ,,, 0:52:20, ﾚ,,, 1:04:20,
新二鳥,着, 4:52:15,,,,, 5:12:15,,, 5:27:15,,, 5:42:15,,,, 5:59:15, 6:00:20,,, 6:09:15,,,, 6:19:15,, 6:22:20,,, 6:27:15, 6:30:20,, 6:35:15,,, 6:38:20,,, 6:43:15, 6:46:20,,,,, 6:52:15, 6:53:20,,, 7:01:15, 7:02:20,,,, 7:09:15, 7:10:20,,,, 7:17:15, 7:18:20,,, 7:23:15,,, 7:28:15, 7:29:20,,, 7:36:15, 7:37:20,,,, 7:44:15, 7:45:20,,, 7:52:15,, 7:53:20,,, 8:00:15, 8:01:20,,, 8:08:15, 8:09:20,,,, 8:16:15, 8:17:20,,, 8:24:15, 8:25:20,,, 8:32:15, 8:33:20,,, 8:40:15, 8:41:20,,, 8:48:15, 8:49:20,,, 8:55:15, 8:56:40,,, 9:05:15, 9:06:40,,, 9:15:15, 9:16:40,, 9:19:05,,, 9:25:15, 9:26:40,,, 9:35:15, 9:36:40,,, 9:45:15, 9:46:40,,, 9:55:15, 9:56:40,,,10:05:15,10:06:40,,,10:15:15,10:16:40,,,10:25:15,10:26:40,,,10:35:15,10:36:40,,,10:45:15,10:46:40,,,10:55:15,10:56:40,,,11:05:15,11:06:40,,,11:15:15,11:16:40,,,11:25:15,11:26:40,,,11:35:15,11:36:40,,,11:45:15,11:46:40,,,11:55:15,11:56:40,,,12:05:15,12:06:40,,,12:15:15,12:16:40,,,12:25:15,12:26:40,,,12:35:15,12:36:40,,,12:45:15,12:46:40,,,12:55:15,12:56:40,,,13:05:15,13:06:40,,,13:15:15,13:16:40,,,13:25:15,13:26:40,,,13:35:15,13:36:40,,,13:45:15,13:46:40,,,13:55:15,13:56:40,,,14:05:15,14:06:40,,,14:15:15,14:16:40,,,14:25:15,14:26:40,,,14:35:15,14:36:40,,,14:45:15,14:46:40,,,14:55:15,14:56:40,,,15:05:15,15:06:40,,,15:15:15,15:16:40,,,15:25:15,15:26:40,,,15:35:15,15:36:40,,,15:45:15,15:46:40,,,15:55:15,15:56:40,,,16:05:15,16:06:40,,,,16:15:15,16:16:40,,,,16:25:15,16:26:40,,,16:33:15,16:34:40,,,16:41:15,16:42:40,,,16:49:15,16:50:40,,,16:57:15,16:58:40,,,17:05:15,17:06:40,,,17:13:15,17:14:40,,,17:21:15,17:22:40,,,17:29:15,17:30:40,,,17:37:15,17:38:40,,,17:45:15,17:46:40,,,17:53:15,17:54:40,,,18:01:15,18:02:40,,,18:09:15,18:10:40,,,18:17:15,18:18:40,,,18:25:15,18:26:40,,,18:33:15,18:34:40,,,18:41:15,18:42:40,,,18:49:15,18:50:40,,,18:57:15,18:58:40,,,19:05:15,19:06:40,,,19:13:15,19:14:40,,,19:21:15,19:22:40,,,19:29:15,19:30:40,,,19:37:15,19:38:40,,,19:45:15,19:46:40,,,19:53:15,19:54:40,,,20:01:15,20:02:40,,,20:09:15,20:10:40,,,20:17:15,20:18:40,,,20:25:15,20:26:40,,,20:33:15,20:34:40,,,20:41:15,20:42:40,,,20:49:15,20:50:40,,,20:57:15,20:58:40,,,21:05:15,21:06:40,,,,21:13:15,21:14:40,,,21:21:15,21:22:40,,,21:28:40,,,,21:29:40,,,,21:41:15,21:42:40,,,21:56:15,21:57:40,,,22:11:15,22:12:40,,,22:26:15,22:27:40,,,22:41:15,22:42:40,,,22:56:15,22:57:40,,,23:11:15,23:12:40,,,23:26:15,23:27:40,,,23:41:15,23:42:40,,,23:56:15,23:57:40,,, 0:11:15, 0:12:40,,, 0:26:15, 0:27:40,,, 0:41:15, 0:42:40,,, 0:54:15, 0:55:20,,, 1:06:15,
新二鳥,番線,2,,,,,1,,,1,,,1,,,,2,1,,,2,1,,,2,,1,,,2,1,,2,,,1,,,2,1,,,1,,2,1,,,2,1,,,,2,1,,,,2,1,,,1,,,2,1,,,2,1,,,,2,1,,,2,,1,,,2,1,,,2,1,,,,2,1,,,2,1,,,2,1,,,2,1,,,2,1,,,2,1,,,2,1,,,2,1,,2,,,2,1,,,2,1,,,2,1,,,2,1,,,2,1,,,2,1,,,2,1,,,2,1,,,2,1,,,2,1,,,2,1,,,2,1,,,2,1,,,2,1,,,2,1,,,2,1,,,2,1,,,2,1,,,2,1,,,2,1,,,2,1,,,2,1,,,2,1,,,2,1,,,2,1,,,2,1,,,2,1,,,2,1,,,2,1,,,2,1,,,2,1,,,2,1,,,2,1,,,2,1,,,2,1,,,2,1,,,2,1,,,2,1,,,2,1,,,2,1,,,2,1,,,,2,1,,,,2,1,,,2,1,,,2,1,,,2,1,,,2,1,,,2,1,,,2,1,,,2,1,,,2,1,,,2,1,,,2,1,,,2,1,,,2,1,,,2,1,,,2,1,,,2,1,,,2,1,,,2,1,,,2,1,,,2,1,,,2,1,,,2,1,,,2,1,,,2,1,,,2,1,,,2,1,,,2,1,,,2,1,,,2,1,,,2,1,,,2,1,,,2,1,,,2,1,,,2,1,,,2,1,,,2,1,,,,2,1,,,2,1,,,2,2,,,1,,,,2,1,,,2,1,,,2,1,,,2,1,,,2,1,,,2,1,,,2,1,,,2,1,,,2,1,,,2,1,,,2,1,,,2,1,,,2,1,,,2,1,,,2,
新二鳥,発,,,,,, 5:12:45,,, 5:27:45,,, 5:42:45,,,,, 6:00:50,,,, 6:10:30,,,,, 6:22:50,,,, 6:30:50,,,,, 6:38:50,,,, 6:46:50,,, 6:49:00,,, 6:53:50,,,, 7:02:50,,,,, 7:10:50,,,,, 7:18:50,,, 7:23:45,,,, 7:29:50,,,, 7:37:50,,,,, 7:45:50,,,,, 7:53:50,,,, 8:01:50,,,, 8:09:50,,,,, 8:17:50,,,, 8:25:50,,,, 8:33:50,,,, 8:41:50,,,, 8:49:50,,,, 8:57:10,,,, 9:07:10,,,, 9:17:10,,,,,, 9:27:10,,,, 9:37:10,,,, 9:47:10,,,, 9:57:10,,,,10:07:10,,,,10:17:10,,,,10:27:10,,,,10:37:10,,,,10:47:10,,,,10:57:10,,,,11:07:10,,,,11:17:10,,,,11:27:10,,,,11:37:10,,,,11:47:10,,,,11:57:10,,,,12:07:10,,,,12:17:10,,,,12:27:10,,,,12:37:10,,,,12:47:10,,,,12:57:10,,,,13:07:10,,,,13:17:10,,,,13:27:10,,,,13:37:10,,,,13:47:10,,,,13:57:10,,,,14:07:10,,,,14:17:10,,,,14:27:10,,,,14:37:10,,,,14:47:10,,,,14:57:10,,,,15:07:10,,,,15:17:10,,,,15:27:10,,,,15:37:10,,,,15:47:10,,,,15:57:10,,,,16:07:10,,,,,16:17:10,,,,,16:27:10,,,,16:35:10,,,,16:43:10,,,,16:51:10,,,,16:59:10,,,,17:07:10,,,,17:15:10,,,,17:23:10,,,,17:31:10,,,,17:39:10,,,,17:47:10,,,,17:55:10,,,,18:03:10,,,,18:11:10,,,,18:19:10,,,,18:27:10,,,,18:35:10,,,,18:43:10,,,,18:51:10,,,,18:59:10,,,,19:07:10,,,,19:15:10,,,,19:23:10,,,,19:31:10,,,,19:39:10,,,,19:47:10,,,,19:55:10,,,,20:03:10,,,,20:11:10,,,,20:19:10,,,,20:27:10,,,,20:35:10,,,,20:43:10,,,,20:51:10,,,,20:59:10,,,,21:07:10,,,,,21:15:10,,,,21:23:10,,,,21:37:00,,,21:30:10,,,,,21:43:10,,,,21:58:10,,,,22:13:10,,,,22:28:10,,,,22:43:10,,,,22:58:10,,,,23:13:10,,,,23:28:10,,,,23:43:10,,,,23:58:10,,,, 0:13:10,,,, 0:28:10,,,, 0:43:10,,,, 0:55:50,,,,
二鳥新町,着,,,,,, 5:15:00,,, 5:30:00,,, 5:45:00,,,,, 6:03:05,,,, 6:12:45,,,,, 6:25:05,,,, 6:33:05,,,,, 6:41:05,,,, 6:49:05,,, 6:51:15,,, 6:56:05,,,, 7:05:05,,,,, 7:13:05,,,,, 7:21:05,,, 7:26:00,,,, 7:32:05,,,, 7:40:05,,,,, 7:48:05,,,,, 7:56:05,,,, 8:04:05,,,, 8:12:05,,,,, 8:20:05,,,, 8:28:05,,,, 8:36:05,,,, 8:44:05,,,, 8:52:05,,,, 8:59:25,,,, 9:09:25,,,, 9:19:25,,,,,, 9:29:25,,,, 9:39:25,,,, 9:49:25,,,, 9:59:25,,,,10:09:25,,,,10:19:25,,,,10:29:25,,,,10:39:25,,,,10:49:25,,,,10:59:25,,,,11:09:25,,,,11:19:25,,,,11:29:25,,,,11:39:25,,,,11:49:25,,,,11:59:25,,,,12:09:25,,,,12:19:25,,,,12:29:25,,,,12:39:25,,,,12:49:25,,,,12:59:25,,,,13:09:25,,,,13:19:25,,,,13:29:25,,,,13:39:25,,,,13:49:25,,,,13:59:25,,,,14:09:25,,,,14:19:25,,,,14:29:25,,,,14:39:25,,,,14:49:25,,,,14:59:25,,,,15:09:25,,,,15:19:25,,,,15:29:25,,,,15:39:25,,,,15:49:25,,,,15:59:25,,,,16:09:25,,,,,16:19:25,,,,,16:29:25,,,,16:37:25,,,,16:45:25,,,,16:53:25,,,,17:01:25,,,,17:09:25,,,,17:17:25,,,,17:25:25,,,,17:33:25,,,,17:41:25,,,,17:49:25,,,,17:57:25,,,,18:05:25,,,,18:13:25,,,,18:21:25,,,,18:29:25,,,,18:37:25,,,,18:45:25,,,,18:53:25,,,,19:01:25,,,,19:09:25,,,,19:17:25,,,,19:25:25,,,,19:33:25,,,,19:41:25,,,,19:49:25,,,,19:57:25,,,,20:05:25,,,,20:13:25,,,,20:21:25,,,,20:29:25,,,,20:37:25,,,,20:45:25,,,,20:53:25,,,,21:01:25,,,,21:09:25,,,,,21:17:25,,,,21:25:25,,,,21:39:15,,,21:32:25,,,,,21:45:25,,,,22:00:25,,,,22:15:25,,,,22:30:25,,,,22:45:25,,,,23:00:25,,,,23:15:25,,,,23:30:25,,,,23:45:25,,,, 0:00:25,,,, 0:15:25,,,, 0:30:25,,,, 0:45:25,,,, 0:58:05,,,,
二鳥新町,番線,,,2,,,1,,,1,1,2,1,1,1,2,,1,1,2,,1,1,2,,1,1,1,,,1,1,,2,2,1,1,,,1,1,2,1,1,,1,1,,,1,1,2,1,,1,1,,2,,1,1,2,1,1,,,1,1,2,,1,1,2,,,1,1,2,,2,1,1,,,1,1,2,,1,1,2,,,1,1,2,,1,1,2,,1,1,2,,1,1,2,,1,1,2,,1,1,2,,1,1,2,,1,1,,1,2,,1,1,2,,1,1,2,,1,1,2,,1,1,2,,1,1,2,,1,1,2,,1,1,2,,1,1,2,,1,1,2,,1,1,2,,1,1,2,,1,1,2,,1,1,2,,1,1,2,,1,1,2,,1,1,2,,1,1,2,,1,1,2,,1,1,2,,1,1,2,,1,1,2,,1,1,2,,1,1,2,,1,1,2,,1,1,2,,1,1,2,,1,1,2,,1,1,2,,1,1,2,,1,1,2,,1,1,2,,1,1,2,,1,1,2,,1,1,2,,1,1,2,,1,1,2,,1,1,2,,1,1,2,,1,1,2,,1,1,2,,1,1,,2,,1,1,,2,,1,1,2,,1,1,2,,1,1,2,,1,1,2,,1,1,2,,1,1,2,,1,1,2,,1,1,2,,1,1,2,,1,1,2,,1,1,2,,1,1,2,,1,1,2,,1,1,2,,1,1,2,,1,1,2,,1,1,2,,1,1,2,,1,1,2,,1,1,2,,1,1,2,,1,1,2,,1,1,2,,1,1,2,,1,1,2,,1,1,2,,1,1,2,,1,1,2,,1,1,2,,1,1,2,,1,1,2,,1,1,2,,1,1,2,,1,1,2,,1,1,2,,1,1,2,,,1,1,,,1,1,2,,1,1,,1,1,1,2,,1,1,2,,1,1,2,,1,1,2,,1,1,2,,1,1,2,,1,1,2,,1,1,2,,1,1,2,,1,1,2,,1,1,2,,1,1,2,,1,1,2,,1,1,2,,1,1,,,
二鳥新町,発,,, 4:46:15,,, 5:15:30,,,, 5:30:30, 5:36:00,, 5:45:30, 5:50:00, 6:00:00,,, 6:03:40, 6:10:00,,, 6:13:40, 6:17:00,, 6:20:00,, 6:25:35,,,, 6:34:00,, 6:35:00, 6:40:00,, 6:41:35,,,, 6:49:35, 6:51:00,, 6:53:00,,, 6:56:30,,,, 7:05:35, 7:07:00, 7:09:00,,, 7:13:35,, 7:18:30,,, 7:21:35, 7:23:00,, 7:26:30,,,, 7:32:35, 7:34:00,,, 7:40:35, 7:42:00,,,, 7:49:00, 7:50:00,, 7:56:35,, 7:59:00,,,, 8:04:35, 8:06:00,,, 8:12:35, 8:15:00,,,, 8:20:35, 8:22:00,,, 8:28:35, 8:31:00,,, 8:36:35, 8:38:00,,, 8:45:00, 8:46:00,,, 8:52:35, 8:54:00,,, 9:00:00, 9:06:20,,, 9:10:00, 9:16:20,,, 9:20:00,, 9:21:00, 9:26:20,,, 9:30:00, 9:36:20,,, 9:40:00, 9:46:20,,, 9:50:00, 9:56:20,,,10:00:00,10:06:20,,,10:10:00,10:16:20,,,10:20:00,10:26:20,,,10:30:00,10:36:20,,,10:40:00,10:46:20,,,10:50:00,10:56:20,,,11:00:00,11:06:20,,,11:10:00,11:16:20,,,11:20:00,11:26:20,,,11:30:00,11:36:20,,,11:40:00,11:46:20,,,11:50:00,11:56:20,,,12:00:00,12:06:20,,,12:10:00,12:16:20,,,12:20:00,12:26:20,,,12:30:00,12:36:20,,,12:40:00,12:46:20,,,12:50:00,12:56:20,,,13:00:00,13:06:20,,,13:10:00,13:16:20,,,13:20:00,13:26:20,,,13:30:00,13:36:20,,,13:40:00,13:46:20,,,13:50:00,13:56:20,,,14:00:00,14:06:20,,,14:10:00,14:16:20,,,14:20:00,14:26:20,,,14:30:00,14:36:20,,,14:40:00,14:46:20,,,14:50:00,14:56:20,,,15:00:00,15:06:20,,,15:10:00,15:16:20,,,15:20:00,15:26:20,,,15:30:00,15:36:20,,,15:40:00,15:46:20,,,15:50:00,15:56:20,,,16:00:00,16:06:20,,,16:10:00,,16:16:20,,,16:20:00,,16:26:20,,,16:30:00,16:35:50,,,16:38:00,16:43:50,,,16:46:00,16:51:50,,,16:54:00,16:59:50,,,17:02:00,17:07:50,,,17:10:00,17:15:50,,,17:18:00,17:23:50,,,17:26:00,17:31:50,,,17:34:00,17:39:50,,,17:42:00,17:47:50,,,17:50:00,17:55:50,,,17:58:00,18:03:50,,,18:06:00,18:11:50,,,18:14:00,18:19:50,,,18:22:00,18:27:50,,,18:30:00,18:35:50,,,18:38:00,18:43:50,,,18:46:00,18:51:50,,,18:54:00,18:59:50,,,19:02:00,19:07:50,,,19:10:00,19:15:50,,,19:18:00,19:23:50,,,19:26:00,19:31:50,,,19:34:00,19:39:50,,,19:42:00,19:47:50,,,19:50:00,19:55:50,,,19:58:00,20:03:50,,,20:06:00,20:11:50,,,20:14:00,20:19:50,,,20:22:00,20:27:50,,,20:30:00,20:35:50,,,20:38:00,20:43:50,,,20:46:00,20:51:50,,,20:54:00,20:59:50,,,21:02:00,21:07:50,,,21:10:00,21:15:50,,,,21:18:00,,,,21:26:00,21:30:50,,,21:42:00,,,21:33:00,21:38:00,21:43:50,,,21:46:00,21:58:50,,,22:01:00,22:13:50,,,22:16:00,22:28:50,,,22:31:00,22:43:50,,,22:46:00,22:58:50,,,23:01:00,23:13:50,,,23:16:00,23:28:50,,,23:31:00,23:43:50,,,23:46:00,23:58:50,,, 0:01:00, 0:13:50,,, 0:16:00, 0:28:50,,, 0:31:00, 0:43:50,,, 0:46:00, 0:56:50,,, 0:59:00,,,
古葉町,発,,, 4:48:05,,, 5:17:20,,,, ﾚ, 5:37:50,, ﾚ, 5:51:50, 6:01:50,,, ﾚ, 6:11:50,,, ﾚ, 6:18:50,, ﾚ,, 6:27:25,,,, ﾚ,, 6:36:50, ﾚ,, 6:43:25,,,, ﾚ, 6:52:50,, ﾚ,,, 6:58:20,,,, ﾚ, 7:08:50, ﾚ,,, 7:15:25,, 7:20:20,,, ﾚ, ﾚ,, 7:28:20,,,, ﾚ, 7:35:50,,, ﾚ, 7:43:50,,,, ﾚ, 7:51:50,, ﾚ,, 8:00:50,,,, ﾚ, 8:07:50,,, ﾚ, 8:16:50,,,, ﾚ, 8:23:50,,, ﾚ, 8:32:50,,, ﾚ, 8:39:50,,, ﾚ, 8:47:50,,, ﾚ, 8:55:50,,, ﾚ, 9:08:10,,, ﾚ, 9:18:10,,, ﾚ,, 9:22:50, 9:28:10,,, ﾚ, 9:38:10,,, ﾚ, 9:48:10,,, ﾚ, 9:58:10,,, ﾚ,10:08:10,,, ﾚ,10:18:10,,, ﾚ,10:28:10,,, ﾚ,10:38:10,,, ﾚ,10:48:10,,, ﾚ,10:58:10,,, ﾚ,11:08:10,,, ﾚ,11:18:10,,, ﾚ,11:28:10,,, ﾚ,11:38:10,,, ﾚ,11:48:10,,, ﾚ,11:58:10,,, ﾚ,12:08:10,,, ﾚ,12:18:10,,, ﾚ,12:28:10,,, ﾚ,12:38:10,,, ﾚ,12:48:10,,, ﾚ,12:58:10,,, ﾚ,13:08:10,,, ﾚ,13:18:10,,, ﾚ,13:28:10,,, ﾚ,13:38:10,,, ﾚ,13:48:10,,, ﾚ,13:58:10,,, ﾚ,14:08:10,,, ﾚ,14:18:10,,, ﾚ,14:28:10,,, ﾚ,14:38:10,,, ﾚ,14:48:10,,, ﾚ,14:58:10,,, ﾚ,15:08:10,,, ﾚ,15:18:10,,, ﾚ,15:28:10,,, ﾚ,15:38:10,,, ﾚ,15:48:10,,, ﾚ,15:58:10,,, ﾚ,16:08:10,,, ﾚ,,16:18:10,,, ﾚ,,16:28:10,,, ﾚ,16:37:40,,, ﾚ,16:45:40,,, ﾚ,16:53:40,,, ﾚ,17:01:40,,, ﾚ,17:09:40,,, ﾚ,17:17:40,,, ﾚ,17:25:40,,, ﾚ,17:33:40,,, ﾚ,17:41:40,,, ﾚ,17:49:40,,, ﾚ,17:57:40,,, ﾚ,18:05:40,,, ﾚ,18:13:40,,, ﾚ,18:21:40,,, ﾚ,18:29:40,,, ﾚ,18:37:40,,, ﾚ,18:45:40,,, ﾚ,18:53:40,,, ﾚ,19:01:40,,, ﾚ,19:09:40,,, ﾚ,19:17:40,,, ﾚ,19:25:40,,, ﾚ,19:33:40,,, ﾚ,19:41:40,,, ﾚ,19:49:40,,, ﾚ,19:57:40,,, ﾚ,20:05:40,,, ﾚ,20:13:40,,, ﾚ,20:21:40,,, ﾚ,20:29:40,,, ﾚ,20:37:40,,, ﾚ,20:45:40,,, ﾚ,20:53:40,,, ﾚ,21:01:40,,, ﾚ,21:09:40,,, ﾚ,21:17:40,,,, ﾚ,,,, ﾚ,21:32:40,,, ﾚ,,, ﾚ,21:39:50,21:45:40,,, ﾚ,22:00:40,,, ﾚ,22:15:40,,, ﾚ,22:30:40,,, ﾚ,22:45:40,,, ﾚ,23:00:40,,, ﾚ,23:15:40,,, ﾚ,23:30:40,,, ﾚ,23:45:40,,, ﾚ, 0:00:40,,, ﾚ, 0:15:40,,, ﾚ, 0:30:40,,, ﾚ, 0:45:40,,, ﾚ, 0:58:40,,, ﾚ,,,
葉山二俣国大,着,,, 4:49:50,,, 5:19:05,,,, 5:32:55, 5:39:35,, 5:47:55, 5:53:35, 6:03:35,,, ﾚ, 6:13:35,,, ﾚ, 6:20:35,, 6:22:25,, 6:29:10,,,, 6:36:25,, 6:38:35, 6:42:25,, 6:45:10,,,, ﾚ, 6:54:35,, 6:55:25,,, 7:00:05,,,, ﾚ, 7:10:35, 7:11:25,,, 7:17:10,, 7:22:05,,, ﾚ, 7:25:25,, 7:30:05,,,, 7:35:00, 7:37:35,,, 7:43:00, 7:45:35,,,, ﾚ, 7:53:35,, 7:59:00,, 8:02:35,,,, 8:07:00, 8:09:35,,, 8:15:00, 8:18:35,,,, 8:23:00, 8:25:35,,, 8:31:00, 8:34:35,,, 8:39:00, 8:41:35,,, 8:47:25, 8:49:35,,, 8:55:00, 8:57:35,,, ﾚ, 9:09:55,,, ﾚ, 9:19:55,,, ﾚ,, 9:24:35, 9:29:55,,, ﾚ, 9:39:55,,, ﾚ, 9:49:55,,, ﾚ, 9:59:55,,, ﾚ,10:09:55,,, ﾚ,10:19:55,,, ﾚ,10:29:55,,, ﾚ,10:39:55,,, ﾚ,10:49:55,,, ﾚ,10:59:55,,, ﾚ,11:09:55,,, ﾚ,11:19:55,,, ﾚ,11:29:55,,, ﾚ,11:39:55,,, ﾚ,11:49:55,,, ﾚ,11:59:55,,, ﾚ,12:09:55,,, ﾚ,12:19:55,,, ﾚ,12:29:55,,, ﾚ,12:39:55,,, ﾚ,12:49:55,,, ﾚ,12:59:55,,, ﾚ,13:09:55,,, ﾚ,13:19:55,,, ﾚ,13:29:55,,, ﾚ,13:39:55,,, ﾚ,13:49:55,,, ﾚ,13:59:55,,, ﾚ,14:09:55,,, ﾚ,14:19:55,,, ﾚ,14:29:55,,, ﾚ,14:39:55,,, ﾚ,14:49:55,,, ﾚ,14:59:55,,, ﾚ,15:09:55,,, ﾚ,15:19:55,,, ﾚ,15:29:55,,, ﾚ,15:39:55,,, ﾚ,15:49:55,,, ﾚ,15:59:55,,, ﾚ,16:09:55,,, ﾚ,,16:19:55,,, ﾚ,,16:29:55,,,16:32:25,16:39:25,,,16:40:25,16:47:25,,,16:48:25,16:55:25,,,16:56:25,17:03:25,,,17:04:25,17:11:25,,,17:12:25,17:19:25,,,17:20:25,17:27:25,,,17:28:25,17:35:25,,,17:36:25,17:43:25,,,17:44:25,17:51:25,,,17:52:25,17:59:25,,,18:00:25,18:07:25,,,18:08:25,18:15:25,,,18:16:25,18:23:25,,,18:24:25,18:31:25,,,18:32:25,18:39:25,,,18:40:25,18:47:25,,,18:48:25,18:55:25,,,18:56:25,19:03:25,,,19:04:25,19:11:25,,,19:12:25,19:19:25,,,19:20:25,19:27:25,,,19:28:25,19:35:25,,,19:36:25,19:43:25,,,19:44:25,19:51:25,,,19:52:25,19:59:25,,,20:00:25,20:07:25,,,20:08:25,20:15:25,,,20:16:25,20:23:25,,,20:24:25,20:31:25,,,20:32:25,20:39:25,,,20:40:25,20:47:25,,,20:48:25,20:55:25,,,20:56:25,21:03:25,,,21:04:25,21:11:25,,,21:12:25,21:19:25,,,,21:20:25,,,,21:28:25,21:34:25,,, ﾚ,,,21:35:25,21:41:35,21:47:25,,,21:48:25,22:02:25,,,22:03:25,22:17:25,,,22:18:25,22:32:25,,,22:33:25,22:47:25,,,22:48:25,23:02:25,,,23:03:25,23:17:25,,,23:18:25,23:32:25,,,23:33:25,23:47:25,,,23:48:25, 0:02:25,,, 0:03:25, 0:17:25,,, 0:18:25, 0:32:25,,, 0:33:25, 0:47:25,,, 0:48:25, 1:00:25,,, 1:01:25,,,
葉山二俣国大,番線,,,2,,,2,,,,2,2,,2,2,2,,,2,2,,,2,2,,2,,2,,,,2,,2,1,,2,,,,2,2,,1,,,2,,,,2,2,1,,,2,,1,,,2,2,,2,,,,2,2,,,2,2,,,,2,2,,2,,2,,,,2,2,,,2,2,,,,2,2,,,2,2,,,2,2,,,2,2,,,2,2,,,2,2,,,2,2,,,2,,2,2,,,2,2,,,2,2,,,2,2,,,2,2,,,2,2,,,2,2,,,2,2,,,2,2,,,2,2,,,2,2,,,2,2,,,2,2,,,2,2,,,2,2,,,2,2,,,2,2,,,2,2,,,2,2,,,2,2,,,2,2,,,2,2,,,2,2,,,2,2,,,2,2,,,2,2,,,2,2,,,2,2,,,2,2,,,2,2,,,2,2,,,2,2,,,2,2,,,2,2,,,2,2,,,2,2,,,2,2,,,2,2,,,2,2,,,2,2,,,2,2,,,2,,2,,,2,,2,,,2,2,,,2,2,,,2,2,,,2,2,,,2,2,,,2,2,,,2,2,,,2,2,,,2,2,,,2,2,,,2,2,,,2,2,,,2,2,,,2,2,,,2,2,,,2,2,,,2,2,,,2,2,,,2,2,,,2,2,,,2,2,,,2,2,,,2,2,,,2,2,,,2,2,,,2,2,,,2,2,,,2,2,,,2,2,,,2,2,,,2,2,,,2,2,,,2,2,,,2,2,,,2,2,,,2,2,,,,2,,,,2,2,,,2,,,2,2,2,,,2,2,,,2,2,,,2,2,,,2,2,,,2,2,,,2,2,,,2,2,,,2,2,,,2,2,,,2,2,,,2,2,,,2,2,,,2,2,,,2,,,
葉山二俣国大,発,,, 4:50:20,,, 5:19:35,,,, 5:33:25, 5:40:05,, 5:48:25, 5:54:05, 6:04:05,,, ﾚ, 6:14:05,,, ﾚ, 6:21:05,, 6:22:55,, 6:29:40,,,, 6:36:55,, 6:39:05, 6:42:55,, 6:45:40,,,, ﾚ, 6:55:05,, 6:55:55,,, 7:00:35,,,, ﾚ, 7:11:05, 7:11:55,,, 7:17:40,, 7:25:00,,, ﾚ, 7:26:10,, 7:30:35,,,, 7:35:45, 7:38:05,,, 7:43:30, 7:46:05,,,, ﾚ, 7:54:05,, 7:59:30,, 8:03:05,,,, 8:07:30, 8:10:05,,, 8:15:30, 8:19:05,,,, 8:23:30, 8:26:05,,, 8:31:30, 8:35:05,,, 8:39:30, 8:42:05,,, 8:47:55, 8:50:05,,, 8:55:30, 8:58:05,,, ﾚ, 9:10:25,,, ﾚ, 9:20:25,,, ﾚ,, 9:25:05, 9:30:25,,, ﾚ, 9:40:25,,, ﾚ, 9:50:25,,, ﾚ,10:00:25,,, ﾚ,10:10:25,,, ﾚ,10:20:25,,, ﾚ,10:30:25,,, ﾚ,10:40:25,,, ﾚ,10:50:25,,, ﾚ,11:00:25,,, ﾚ,11:10:25,,, ﾚ,11:20:25,,, ﾚ,11:30:25,,, ﾚ,11:40:25,,, ﾚ,11:50:25,,, ﾚ,12:00:25,,, ﾚ,12:10:25,,, ﾚ,12:20:25,,, ﾚ,12:30:25,,, ﾚ,12:40:25,,, ﾚ,12:50:25,,, ﾚ,13:00:25,,, ﾚ,13:10:25,,, ﾚ,13:20:25,,, ﾚ,13:30:25,,, ﾚ,13:40:25,,, ﾚ,13:50:25,,, ﾚ,14:00:25,,, ﾚ,14:10:25,,, ﾚ,14:20:25,,, ﾚ,14:30:25,,, ﾚ,14:40:25,,, ﾚ,14:50:25,,, ﾚ,15:00:25,,, ﾚ,15:10:25,,, ﾚ,15:20:25,,, ﾚ,15:30:25,,, ﾚ,15:40:25,,, ﾚ,15:50:25,,, ﾚ,16:00:25,,, ﾚ,16:10:25,,, ﾚ,,16:20:25,,, ﾚ,,16:30:25,,,16:32:55,16:39:55,,,16:40:55,16:47:55,,,16:48:55,16:55:55,,,16:56:55,17:03:55,,,17:04:55,17:11:55,,,17:12:55,17:19:55,,,17:20:55,17:27:55,,,17:28:55,17:35:55,,,17:36:55,17:43:55,,,17:44:55,17:51:55,,,17:52:55,17:59:55,,,18:00:55,18:07:55,,,18:08:55,18:15:55,,,18:16:55,18:23:55,,,18:24:55,18:31:55,,,18:32:55,18:39:55,,,18:40:55,18:47:55,,,18:48:55,18:55:55,,,18:56:55,19:03:55,,,19:04:55,19:11:55,,,19:12:55,19:19:55,,,19:20:55,19:27:55,,,19:28:55,19:35:55,,,19:36:55,19:43:55,,,19:44:55,19:51:55,,,19:52:55,19:59:55,,,20:00:55,20:07:55,,,20:08:55,20:15:55,,,20:16:55,20:23:55,,,20:24:55,20:31:55,,,20:32:55,20:39:55,,,20:40:55,20:47:55,,,20:48:55,20:55:55,,,20:56:55,21:03:55,,,21:04:55,21:11:55,,,21:12:55,21:19:55,,,,21:20:55,,,,21:28:55,21:34:55,,, ﾚ,,,21:35:55,21:42:05,21:47:55,,,21:48:55,22:02:55,,,22:03:55,22:17:55,,,22:18:55,22:32:55,,,22:33:55,22:47:55,,,22:48:55,23:02:55,,,23:03:55,23:17:55,,,23:18:55,23:32:55,,,23:33:55,23:47:55,,,23:48:55, 0:02:55,,, 0:03:55, 0:17:55,,, 0:18:55, 0:32:55,,, 0:33:55, 0:47:55,,, 0:48:55, 1:00:55,,, 1:01:55,,,
二俣湖,着,,, 4:52:50,,, 5:22:05,,,, 5:35:55, 5:42:35,, 5:50:55, 5:56:35, 6:06:35,,, 6:07:35, 6:16:35,,, 6:17:35, 6:23:35,, 6:25:25,, 6:32:10,,,, 6:39:25,, 6:41:35, 6:45:25,, 6:48:10,,,, 6:53:30, 6:57:35,, 6:58:25,,, 7:03:05,,,, 7:09:30, 7:13:35, 7:14:25,,, 7:20:10,, 7:27:30,,, 7:25:30, 7:28:40,, 7:33:05,,,, 7:38:15, 7:40:35,,, 7:46:00, 7:48:35,,,, 7:52:55, 7:56:35,, 8:02:00,, 8:05:35,,,, 8:10:00, 8:12:35,,, 8:18:00, 8:21:35,,,, 8:26:00, 8:28:35,,, 8:34:00, 8:37:35,,, 8:42:00, 8:44:35,,, 8:50:25, 8:52:35,,, 8:58:00, 9:00:35,,, 9:03:55, 9:12:55,,, 9:13:55, 9:22:55,,, 9:23:55,, 9:27:35, 9:32:55,,, 9:33:55, 9:42:55,,, 9:43:55, 9:52:55,,, 9:53:55,10:02:55,,,10:03:55,10:12:55,,,10:13:55,10:22:55,,,10:23:55,10:32:55,,,10:33:55,10:42:55,,,10:43:55,10:52:55,,,10:53:55,11:02:55,,,11:03:55,11:12:55,,,11:13:55,11:22:55,,,11:23:55,11:32:55,,,11:33:55,11:42:55,,,11:43:55,11:52:55,,,11:53:55,12:02:55,,,12:03:55,12:12:55,,,12:13:55,12:22:55,,,12:23:55,12:32:55,,,12:33:55,12:42:55,,,12:43:55,12:52:55,,,12:53:55,13:02:55,,,13:03:55,13:12:55,,,13:13:55,13:22:55,,,13:23:55,13:32:55,,,13:33:55,13:42:55,,,13:43:55,13:52:55,,,13:53:55,14:02:55,,,14:03:55,14:12:55,,,14:13:55,14:22:55,,,14:23:55,14:32:55,,,14:33:55,14:42:55,,,14:43:55,14:52:55,,,14:53:55,15:02:55,,,15:03:55,15:12:55,,,15:13:55,15:22:55,,,15:23:55,15:32:55,,,15:33:55,15:42:55,,,15:43:55,15:52:55,,,15:53:55,16:02:55,,,16:03:55,16:12:55,,,16:13:55,,16:22:55,,,16:23:55,,16:32:55,,,16:35:25,16:42:25,,,16:43:25,16:50:25,,,16:51:25,16:58:25,,,16:59:25,17:06:25,,,17:07:25,17:14:25,,,17:15:25,17:22:25,,,17:23:25,17:30:25,,,17:31:25,17:38:25,,,17:39:25,17:46:25,,,17:47:25,17:54:25,,,17:55:25,18:02:25,,,18:03:25,18:10:25,,,18:11:25,18:18:25,,,18:19:25,18:26:25,,,18:27:25,18:34:25,,,18:35:25,18:42:25,,,18:43:25,18:50:25,,,18:51:25,18:58:25,,,18:59:25,19:06:25,,,19:07:25,19:14:25,,,19:15:25,19:22:25,,,19:23:25,19:30:25,,,19:31:25,19:38:25,,,19:39:25,19:46:25,,,19:47:25,19:54:25,,,19:55:25,20:02:25,,,20:03:25,20:10:25,,,20:11:25,20:18:25,,,20:19:25,20:26:25,,,20:27:25,20:34:25,,,20:35:25,20:42:25,,,20:43:25,20:50:25,,,20:51:25,20:58:25,,,20:59:25,21:06:25,,,21:07:25,21:14:25,,,21:15:25,21:22:25,,,,21:23:25,,,,21:31:25,21:37:25,,,21:45:55,,,21:38:25,21:44:35,21:50:25,,,21:51:25,22:05:25,,,22:06:25,22:20:25,,,22:21:25,22:35:25,,,22:36:25,22:50:25,,,22:51:25,23:05:25,,,23:06:25,23:20:25,,,23:21:25,23:35:25,,,23:36:25,23:50:25,,,23:51:25, 0:05:25,,, 0:06:25, 0:20:25,,, 0:21:25, 0:35:25,,, 0:36:25, 0:50:25,,, 0:51:25, 1:03:25,,, 1:04:25,,,
二俣湖,番線,,,1,2,,1,,,,1,2,,1,2,2,,,1,2,,,1,2,,1,,2,,,,1,,2,1,,1,,,,1,2,,1,,,1,,,,1,2,1,,,1,,2,,,1,1,,1,,,,1,2,,,1,1,,,,1,2,,1,,1,,,,1,2,,,1,1,,,,1,2,,,1,2,,,1,2,,,1,2,,,1,2,,,1,2,,,1,2,,,1,,2,2,,,1,2,,,1,2,,,1,2,,,1,2,,,1,2,,,1,2,,,1,2,,,1,2,,,1,2,,,1,2,,,1,2,,,1,2,,,1,2,,,1,2,,,1,2,,,1,2,,,1,2,,,1,2,,,1,2,,,1,2,,,1,2,,,1,2,,,1,2,,,1,2,,,1,2,,,1,2,,,1,2,,,1,2,,,1,2,,,1,2,,,1,2,,,1,2,,,1,2,,,1,2,,,1,2,,,1,2,,,1,2,,,1,2,,,1,2,,,1,2,,,1,,2,,,1,,2,,,1,2,,,1,2,,,1,2,,,1,2,,,1,2,,,1,2,,,1,2,,,1,2,,,1,2,,,1,2,,,1,2,,,1,2,,,1,2,,,1,2,,,1,2,,,1,2,,,1,2,,,1,2,,,1,2,,,1,2,,,1,2,,,1,2,,,1,2,,,1,2,,,1,2,,,1,2,,,1,2,,,1,2,,,1,2,,,1,2,,,1,2,,,1,2,,,1,2,,,1,2,,,1,2,,,1,2,,,,1,1,,,1,2,,,1,,,1,2,2,,,1,2,,,1,2,,,1,2,,,1,2,,,1,2,,,1,2,,,1,2,,,1,2,,,1,2,,,1,2,,,1,2,,,1,2,,,1,1,,,2,,,3
二俣湖,発,,, 4:53:20, 5:08:20,, 5:22:35,,,, 5:36:25, 5:43:05,, 5:51:25, 5:57:05, 6:08:05,,, 6:08:05, 6:17:05,,, 6:18:05, 6:24:05,, 6:25:55,, 6:32:40,,,, 6:39:55,, 6:42:05, 6:45:55,, 6:48:40,,,, 6:54:00, 6:58:05,, 6:58:55,,, 7:03:35,,,, 7:10:00, 7:14:05, 7:14:55,,, 7:20:40,, 7:29:00,,, 7:26:00, 7:29:10,, 7:33:35,,,, 7:38:45, 7:41:05,,, 7:46:30, 7:49:05,,,, 7:53:25, 7:57:05,, 8:02:30,, 8:06:05,,,, 8:10:30, 8:13:05,,, 8:18:30, 8:22:05,,,, 8:26:30, 8:29:05,,, 8:34:30, 8:38:05,,, 8:42:30, 8:45:05,,, 8:50:55, 8:53:05,,, 8:58:30, 9:01:05,,, 9:04:25, 9:14:25,,, 9:14:25, 9:24:25,,, 9:24:25,, 9:29:05, 9:34:25,,, 9:34:25, 9:44:25,,, 9:44:25, 9:54:25,,, 9:54:25,10:04:25,,,10:04:25,10:14:25,,,10:14:25,10:24:25,,,10:24:25,10:34:25,,,10:34:25,10:44:25,,,10:44:25,10:54:25,,,10:54:25,11:04:25,,,11:04:25,11:14:25,,,11:14:25,11:24:25,,,11:24:25,11:34:25,,,11:34:25,11:44:25,,,11:44:25,11:54:25,,,11:54:25,12:04:25,,,12:04:25,12:14:25,,,12:14:25,12:24:25,,,12:24:25,12:34:25,,,12:34:25,12:44:25,,,12:44:25,12:54:25,,,12:54:25,13:04:25,,,13:04:25,13:14:25,,,13:14:25,13:24:25,,,13:24:25,13:34:25,,,13:34:25,13:44:25,,,13:44:25,13:54:25,,,13:54:25,14:04:25,,,14:04:25,14:14:25,,,14:14:25,14:24:25,,,14:24:25,14:34:25,,,14:34:25,14:44:25,,,14:44:25,14:54:25,,,14:54:25,15:04:25,,,15:04:25,15:14:25,,,15:14:25,15:24:25,,,15:24:25,15:34:25,,,15:34:25,15:44:25,,,15:44:25,15:54:25,,,15:54:25,16:04:25,,,16:04:25,16:14:25,,,16:14:25,,16:24:25,,,16:24:25,,16:33:25,,,16:35:55,16:43:55,,,16:43:55,16:51:55,,,16:51:55,16:59:55,,,16:59:55,17:07:55,,,17:07:55,17:15:55,,,17:15:55,17:23:55,,,17:23:55,17:31:55,,,17:31:55,17:39:55,,,17:39:55,17:47:55,,,17:47:55,17:55:55,,,17:55:55,18:03:55,,,18:03:55,18:11:55,,,18:11:55,18:19:55,,,18:19:55,18:27:55,,,18:27:55,18:35:55,,,18:35:55,18:43:55,,,18:43:55,18:51:55,,,18:51:55,18:59:55,,,18:59:55,19:07:55,,,19:07:55,19:15:55,,,19:15:55,19:23:55,,,19:23:55,19:31:55,,,19:31:55,19:39:55,,,19:39:55,19:47:55,,,19:47:55,19:55:55,,,19:55:55,20:03:55,,,20:03:55,20:11:55,,,20:11:55,20:19:55,,,20:19:55,20:27:55,,,20:27:55,20:35:55,,,20:35:55,20:43:55,,,20:43:55,20:51:55,,,20:51:55,20:59:55,,,20:59:55,21:07:55,,,21:07:55,21:15:55,,,21:15:55,21:23:55,,,,,21:26:00,,,21:31:55,21:38:55,,,21:49:00,,,21:38:55,21:45:05,21:51:55,,,21:51:55,22:06:55,,,22:06:55,22:21:55,,,22:21:55,22:36:55,,,22:36:55,22:51:55,,,22:51:55,23:06:55,,,23:06:55,23:21:55,,,23:21:55,23:36:55,,,23:36:55,23:51:55,,,23:51:55, 0:06:55,,, 0:06:55, 0:21:55,,, 0:21:55, 0:36:55,,, 0:36:55, 0:51:55,,, 0:51:55, 1:04:55,,,,,, 1:10:00
滝之川,着,,, 4:54:55, 5:09:55,, 5:24:10,,,, ﾚ, 5:44:40,, ﾚ, 5:58:40, 6:09:40,,, ﾚ, 6:18:40,,, ﾚ, 6:25:40,, ﾚ,, 6:34:15,,,, ﾚ,, 6:43:40, ﾚ,, 6:50:15,,,, ﾚ, 6:59:40,, ﾚ,,, 7:05:10,,,, ﾚ, 7:15:40, ﾚ,,, 7:22:15,, 7:30:35,,, ﾚ, ﾚ,, 7:35:10,,,, ﾚ, 7:42:40,,, ﾚ, 7:50:40,,,, ﾚ, 7:58:40,, ﾚ,, 8:07:40,,,, ﾚ, 8:14:40,,, ﾚ, 8:23:40,,,, ﾚ, 8:30:40,,, ﾚ, 8:39:40,,, ﾚ, 8:46:40,,, ﾚ, 8:54:40,,, ﾚ, 9:02:40,,, ﾚ, 9:16:00,,, ﾚ, 9:26:00,,, ﾚ,, 9:30:40, 9:36:00,,, ﾚ, 9:46:00,,, ﾚ, 9:56:00,,, ﾚ,10:06:00,,, ﾚ,10:16:00,,, ﾚ,10:26:00,,, ﾚ,10:36:00,,, ﾚ,10:46:00,,, ﾚ,10:56:00,,, ﾚ,11:06:00,,, ﾚ,11:16:00,,, ﾚ,11:26:00,,, ﾚ,11:36:00,,, ﾚ,11:46:00,,, ﾚ,11:56:00,,, ﾚ,12:06:00,,, ﾚ,12:16:00,,, ﾚ,12:26:00,,, ﾚ,12:36:00,,, ﾚ,12:46:00,,, ﾚ,12:56:00,,, ﾚ,13:06:00,,, ﾚ,13:16:00,,, ﾚ,13:26:00,,, ﾚ,13:36:00,,, ﾚ,13:46:00,,, ﾚ,13:56:00,,, ﾚ,14:06:00,,, ﾚ,14:16:00,,, ﾚ,14:26:00,,, ﾚ,14:36:00,,, ﾚ,14:46:00,,, ﾚ,14:56:00,,, ﾚ,15:06:00,,, ﾚ,15:16:00,,, ﾚ,15:26:00,,, ﾚ,15:36:00,,, ﾚ,15:46:00,,, ﾚ,15:56:00,,, ﾚ,16:06:00,,, ﾚ,16:16:00,,, ﾚ,,16:26:00,,, ﾚ,,16:35:00,,, ﾚ,16:45:30,,, ﾚ,16:53:30,,, ﾚ,17:01:30,,, ﾚ,17:09:30,,, ﾚ,17:17:30,,, ﾚ,17:25:30,,, ﾚ,17:33:30,,, ﾚ,17:41:30,,, ﾚ,17:49:30,,, ﾚ,17:57:30,,, ﾚ,18:05:30,,, ﾚ,18:13:30,,, ﾚ,18:21:30,,, ﾚ,18:29:30,,, ﾚ,18:37:30,,, ﾚ,18:45:30,,, ﾚ,18:53:30,,, ﾚ,19:01:30,,, ﾚ,19:09:30,,, ﾚ,19:17:30,,, ﾚ,19:25:30,,, ﾚ,19:33:30,,, ﾚ,19:41:30,,, ﾚ,19:49:30,,, ﾚ,19:57:30,,, ﾚ,20:05:30,,, ﾚ,20:13:30,,, ﾚ,20:21:30,,, ﾚ,20:29:30,,, ﾚ,20:37:30,,, ﾚ,20:45:30,,, ﾚ,20:53:30,,, ﾚ,21:01:30,,, ﾚ,21:09:30,,, ﾚ,21:17:30,,, ﾚ,21:25:30,,,,,21:28:30,,, ﾚ,21:40:30,,,21:51:30,,, ﾚ,21:46:40,21:53:30,,, ﾚ,22:08:30,,, ﾚ,22:23:30,,, ﾚ,22:38:30,,, ﾚ,22:53:30,,, ﾚ,23:08:30,,, ﾚ,23:23:30,,, ﾚ,23:38:30,,, ﾚ,23:53:30,,, ﾚ, 0:08:30,,, ﾚ, 0:23:30,,, ﾚ, 0:38:30,,, ﾚ, 0:53:30,,, ﾚ, 1:06:30,,,,,, 1:15:00
滝之川,番線,,,緩1,緩1,,緩1,,,,下急,緩1,,下急,緩1,緩1,,,下急,緩1,,,下急,緩1,,下急,,緩1,,,,下急,,緩1,下急,,緩1,,,,下急,緩1,,下急,,,緩1,,,,下急,緩1,下急,,,緩1,,緩1,,,下急,下急,,緩1,,,,下急,緩1,,,下急,緩1,,,,下急,緩1,,下急,,緩1,,,,下急,緩1,,,下急,緩1,,,,下急,緩1,,,下急,緩1,,,下急,緩1,,,下急,緩1,,,下急,緩1,,,下急,緩1,,,下急,緩1,,,下急,,緩1,緩1,,,下急,緩1,,,下急,緩1,,,下急,緩1,,,下急,緩1,,,下急,緩1,,,下急,緩1,,,下急,緩1,,,下急,緩1,,,下急,緩1,,,下急,緩1,,,下急,緩1,,,下急,緩1,,,下急,緩1,,,下急,緩1,,,下急,緩1,,,下急,緩1,,,下急,緩1,,,下急,緩1,,,下急,緩1,,,下急,緩1,,,下急,緩1,,,下急,緩1,,,下急,緩1,,,下急,緩1,,,下急,緩1,,,下急,緩1,,,下急,緩1,,,下急,緩1,,,下急,緩1,,,下急,緩1,,,下急,緩1,,,下急,緩1,,,下急,緩1,,,下急,緩1,,,下急,緩1,,,下急,緩1,,,下急,緩1,,,下急,緩1,,,下急,緩1,,,下急,緩1,,,下急,,緩1,,,下急,,緩1,,,下急,緩1,,,下急,緩1,,,下急,緩1,,,下急,緩1,,,下急,緩1,,,下急,緩1,,,下急,緩1,,,下急,緩1,,,下急,緩1,,,下急,緩1,,,下急,緩1,,,下急,緩1,,,下急,緩1,,,下急,緩1,,,下急,緩1,,,下急,緩1,,,下急,緩1,,,下急,緩1,,,下急,緩1,,,下急,緩1,,,下急,緩1,,,下急,緩1,,,下急,緩1,,,下急,緩1,,,下急,緩1,,,下急,緩1,,,下急,緩1,,,下急,緩1,,,下急,緩1,,,下急,緩1,,,下急,緩1,,,下急,緩1,,,下急,緩1,,,下急,緩1,,,下急,緩1,,,下急,緩1,,,,,車庫,,,下急,緩1,,,車庫,,,下急,緩1,緩1,,,下急,緩1,,,下急,緩1,,,下急,緩1,,,下急,緩1,,,下急,緩1,,,下急,緩1,,,下急,緩1,,,下急,緩1,,,下急,緩1,,,下急,緩1,,,下急,緩1,,,下急,緩1,,,下急,緩1,,,,,,車庫
滝之川,発,,, 4:55:25, 5:10:25,, 5:24:40,,,, ﾚ, 5:45:10,, ﾚ, 5:59:10, 6:10:10,,, ﾚ, 6:19:10,,, ﾚ, 6:26:10,, ﾚ,, 6:34:45,,,, ﾚ,, 6:44:10, ﾚ,, 6:50:45,,,, ﾚ, 7:00:10,, ﾚ,,, 7:05:40,,,, ﾚ, 7:16:10, ﾚ,,, 7:22:45,, 7:31:05,,, ﾚ, ﾚ,, 7:35:40,,,, ﾚ, 7:43:10,,, ﾚ, 7:51:10,,,, ﾚ, 7:59:10,, ﾚ,, 8:08:10,,,, ﾚ, 8:15:10,,, ﾚ, 8:24:10,,,, ﾚ, 8:31:10,,, ﾚ, 8:40:10,,, ﾚ, 8:47:10,,, ﾚ, 8:55:10,,, ﾚ, 9:03:10,,, ﾚ, 9:16:30,,, ﾚ, 9:26:30,,, ﾚ,,, 9:36:30,,, ﾚ, 9:46:30,,, ﾚ, 9:56:30,,, ﾚ,10:06:30,,, ﾚ,10:16:30,,, ﾚ,10:26:30,,, ﾚ,10:36:30,,, ﾚ,10:46:30,,, ﾚ,10:56:30,,, ﾚ,11:06:30,,, ﾚ,11:16:30,,, ﾚ,11:26:30,,, ﾚ,11:36:30,,, ﾚ,11:46:30,,, ﾚ,11:56:30,,, ﾚ,12:06:30,,, ﾚ,12:16:30,,, ﾚ,12:26:30,,, ﾚ,12:36:30,,, ﾚ,12:46:30,,, ﾚ,12:56:30,,, ﾚ,13:06:30,,, ﾚ,13:16:30,,, ﾚ,13:26:30,,, ﾚ,13:36:30,,, ﾚ,13:46:30,,, ﾚ,13:56:30,,, ﾚ,14:06:30,,, ﾚ,14:16:30,,, ﾚ,14:26:30,,, ﾚ,14:36:30,,, ﾚ,14:46:30,,, ﾚ,14:56:30,,, ﾚ,15:06:30,,, ﾚ,15:16:30,,, ﾚ,15:26:30,,, ﾚ,15:36:30,,, ﾚ,15:46:30,,, ﾚ,15:56:30,,, ﾚ,16:06:30,,, ﾚ,16:16:30,,, ﾚ,,16:26:30,,, ﾚ,,16:35:30,,, ﾚ,16:46:00,,, ﾚ,16:54:00,,, ﾚ,17:02:00,,, ﾚ,17:10:00,,, ﾚ,17:18:00,,, ﾚ,17:26:00,,, ﾚ,17:34:00,,, ﾚ,17:42:00,,, ﾚ,17:50:00,,, ﾚ,17:58:00,,, ﾚ,18:06:00,,, ﾚ,18:14:00,,, ﾚ,18:22:00,,, ﾚ,18:30:00,,, ﾚ,18:38:00,,, ﾚ,18:46:00,,, ﾚ,18:54:00,,, ﾚ,19:02:00,,, ﾚ,19:10:00,,, ﾚ,19:18:00,,, ﾚ,19:26:00,,, ﾚ,19:34:00,,, ﾚ,19:42:00,,, ﾚ,19:50:00,,, ﾚ,19:58:00,,, ﾚ,20:06:00,,, ﾚ,20:14:00,,, ﾚ,20:22:00,,, ﾚ,20:30:00,,, ﾚ,20:38:00,,, ﾚ,20:46:00,,, ﾚ,20:54:00,,, ﾚ,21:02:00,,, ﾚ,21:10:00,,, ﾚ,,,, ﾚ,21:26:00,,,,,,,, ﾚ,21:41:00,,,,,, ﾚ,,21:54:00,,, ﾚ,22:09:00,,, ﾚ,22:24:00,,, ﾚ,22:39:00,,, ﾚ,22:54:00,,, ﾚ,23:09:00,,, ﾚ,23:24:00,,, ﾚ,23:39:00,,, ﾚ,23:54:00,,, ﾚ, 0:09:00,,, ﾚ, 0:24:00,,, ﾚ, 0:39:00,,, ﾚ, 0:54:00,,, ﾚ, 1:07:00,,,,,,
九十九市場,着,,, 4:57:00, 5:12:00,, 5:26:15,,,, 5:38:45, 5:46:45,, 5:53:45, 6:00:45, 6:11:45,,, 6:10:40, 6:20:45,,, 6:20:40, 6:27:45,, 6:28:15,, 6:36:20,,,, 6:42:15,, 6:45:45, 6:48:15,, 6:52:20,,,, 6:56:35, 7:01:45,, 7:01:15,,, 7:07:15,,,, 7:12:35, 7:17:45, 7:17:15,,, 7:24:20,, 7:32:40,,, 7:28:35, 7:31:30,, 7:37:15,,,, 7:41:05, 7:44:45,,, 7:48:50, 7:52:45,,,, 7:56:00, 8:00:45,, 8:04:50,, 8:09:45,,,, 8:12:50, 8:16:45,,, 8:20:50, 8:25:45,,,, 8:28:50, 8:32:45,,, 8:36:50, 8:41:45,,, 8:44:50, 8:48:45,,, 8:53:15, 8:56:45,,, 9:00:50, 9:04:45,,, 9:07:00, 9:18:05,,, 9:17:00, 9:28:05,,, 9:27:00,,, 9:38:05,,, 9:37:00, 9:48:05,,, 9:47:00, 9:58:05,,, 9:57:00,10:08:05,,,10:07:00,10:18:05,,,10:17:00,10:28:05,,,10:27:00,10:38:05,,,10:37:00,10:48:05,,,10:47:00,10:58:05,,,10:57:00,11:08:05,,,11:07:00,11:18:05,,,11:17:00,11:28:05,,,11:27:00,11:38:05,,,11:37:00,11:48:05,,,11:47:00,11:58:05,,,11:57:00,12:08:05,,,12:07:00,12:18:05,,,12:17:00,12:28:05,,,12:27:00,12:38:05,,,12:37:00,12:48:05,,,12:47:00,12:58:05,,,12:57:00,13:08:05,,,13:07:00,13:18:05,,,13:17:00,13:28:05,,,13:27:00,13:38:05,,,13:37:00,13:48:05,,,13:47:00,13:58:05,,,13:57:00,14:08:05,,,14:07:00,14:18:05,,,14:17:00,14:28:05,,,14:27:00,14:38:05,,,14:37:00,14:48:05,,,14:47:00,14:58:05,,,14:57:00,15:08:05,,,15:07:00,15:18:05,,,15:17:00,15:28:05,,,15:27:00,15:38:05,,,15:37:00,15:48:05,,,15:47:00,15:58:05,,,15:57:00,16:08:05,,,16:07:00,16:18:05,,,16:17:00,,16:28:05,,,16:27:00,,16:37:05,,,16:38:15,16:47:35,,,16:46:15,16:55:35,,,16:54:15,17:03:35,,,17:02:15,17:11:35,,,17:10:15,17:19:35,,,17:18:15,17:27:35,,,17:26:15,17:35:35,,,17:34:15,17:43:35,,,17:42:15,17:51:35,,,17:50:15,17:59:35,,,17:58:15,18:07:35,,,18:06:15,18:15:35,,,18:14:15,18:23:35,,,18:22:15,18:31:35,,,18:30:15,18:39:35,,,18:38:15,18:47:35,,,18:46:15,18:55:35,,,18:54:15,19:03:35,,,19:02:15,19:11:35,,,19:10:15,19:19:35,,,19:18:15,19:27:35,,,19:26:15,19:35:35,,,19:34:15,19:43:35,,,19:42:15,19:51:35,,,19:50:15,19:59:35,,,19:58:15,20:07:35,,,20:06:15,20:15:35,,,20:14:15,20:23:35,,,20:22:15,20:31:35,,,20:30:15,20:39:35,,,20:38:15,20:47:35,,,20:46:15,20:55:35,,,20:54:15,21:03:35,,,21:02:15,21:11:35,,,21:10:15,,,,21:18:15,21:27:35,,,,,,,,21:34:15,21:42:35,,,,,,21:41:15,,21:55:35,,,21:54:15,22:10:35,,,22:09:15,22:25:35,,,22:24:15,22:40:35,,,22:39:15,22:55:35,,,22:54:15,23:10:35,,,23:09:15,23:25:35,,,23:24:15,23:40:35,,,23:39:15,23:55:35,,,23:54:15, 0:10:35,,, 0:09:15, 0:25:35,,, 0:24:15, 0:40:35,,, 0:39:15, 0:55:35,,, 0:54:15, 1:08:35,,,,,,
九十九市場,番線,,2,1,1,2,1,2,2,,1,1,,1,1,1,,,1,1,,,1,1,,1,,1,2,,,1,,1,1,,1,2,,,1,1,,1,,,1,2,,,1,1,1,,,1,2,1,,,1,1,,1,2,,,1,1,,,1,1,2,,,1,1,,1,,1,2,,,1,1,,,1,1,2,,,1,1,,,1,2,,,1,2,,,1,2,,,1,2,,,1,2,,,1,2,,,1,,,2,,,1,2,,,1,2,,,1,2,,,1,2,,,1,2,,,1,2,,,1,2,,,1,2,,,1,2,,,1,2,,,1,2,,,1,2,,,1,2,,,1,2,,,1,2,,,1,2,,,1,2,,,1,2,,,1,2,,,1,2,,,1,2,,,1,2,,,1,2,,,1,2,,,1,2,,,1,2,,,1,2,,,1,2,,,1,2,,,1,2,,,1,2,,,1,2,,,1,2,,,1,2,,,1,2,,,1,2,,,1,2,,,1,2,,,1,2,,,1,2,,,1,2,2,,,1,2,2,,,1,2,,,1,2,,,1,2,,,1,2,,,1,2,,,1,2,,,1,2,,,1,2,,,1,2,,,1,2,,,1,2,,,1,2,,,1,2,,,1,2,,,1,2,,,1,2,,,1,2,,,1,2,,,1,2,,,1,2,,,1,2,,,1,2,,,1,2,,,1,2,,,1,2,,,1,2,,,1,2,,,1,2,,,1,2,,,1,2,,,1,2,,,1,2,,,1,2,,,1,2,,,1,,,,1,2,,,,,,,,1,2,,,,,,1,,2,,,1,2,,,1,2,,,1,2,,,1,2,,,1,2,,,1,2,,,1,2,,,1,2,,,1,2,,,1,2,,,1,2,,,1,2,,,1,2,,,,,,
九十九市場,発,, 4:37:30, 4:57:30, 5:12:30, 5:21:00, 5:26:45, 5:35:30, 5:37:00,, 5:39:15, 5:47:15,, 5:54:15, 6:01:15, 6:12:15,,, 6:11:10, 6:21:15,,, 6:21:10, 6:28:15,, 6:28:45,, 6:36:50, 6:37:40,,, 6:42:45,, 6:46:15, 6:48:45,, 6:52:50, 6:54:00,,, 6:57:05, 7:02:15,, 7:01:45,,, 7:07:45, 7:10:00,,, 7:13:05, 7:18:15, 7:17:45,,, 7:24:50, 7:26:00, 7:33:10,,, 7:29:05, 7:32:00,, 7:37:45, 7:39:00,,, 7:41:35, 7:45:15,,, 7:49:50, 7:53:15, 7:54:30,,, 7:56:40, 8:01:15,, 8:05:20,, 8:10:15, 8:11:15,,, 8:13:20, 8:17:15,,, 8:21:20, 8:26:15, 8:27:30,,, 8:29:20, 8:33:15,,, 8:37:20, 8:42:15,,, 8:45:20, 8:49:15,,, 8:53:45, 8:57:15,,, 9:01:20, 9:05:15,,, 9:07:30, 9:18:35,,, 9:17:30, 9:28:35,,, 9:27:30,,, 9:38:35,,, 9:37:30, 9:48:35,,, 9:47:30, 9:58:35,,, 9:57:30,10:08:35,,,10:07:30,10:18:35,,,10:17:30,10:28:35,,,10:27:30,10:38:35,,,10:37:30,10:48:35,,,10:47:30,10:58:35,,,10:57:30,11:08:35,,,11:07:30,11:18:35,,,11:17:30,11:28:35,,,11:27:30,11:38:35,,,11:37:30,11:48:35,,,11:47:30,11:58:35,,,11:57:30,12:08:35,,,12:07:30,12:18:35,,,12:17:30,12:28:35,,,12:27:30,12:38:35,,,12:37:30,12:48:35,,,12:47:30,12:58:35,,,12:57:30,13:08:35,,,13:07:30,13:18:35,,,13:17:30,13:28:35,,,13:27:30,13:38:35,,,13:37:30,13:48:35,,,13:47:30,13:58:35,,,13:57:30,14:08:35,,,14:07:30,14:18:35,,,14:17:30,14:28:35,,,14:27:30,14:38:35,,,14:37:30,14:48:35,,,14:47:30,14:58:35,,,14:57:30,15:08:35,,,15:07:30,15:18:35,,,15:17:30,15:28:35,,,15:27:30,15:38:35,,,15:37:30,15:48:35,,,15:47:30,15:58:35,,,15:57:30,16:08:35,,,16:07:30,16:18:35,,,16:17:30,16:20:00,16:28:35,,,16:27:30,16:34:30,16:37:35,,,16:39:50,16:48:05,,,16:46:45,16:56:05,,,16:54:45,17:04:05,,,17:02:45,17:12:05,,,17:10:45,17:20:05,,,17:18:45,17:28:05,,,17:26:45,17:36:05,,,17:34:45,17:44:05,,,17:42:45,17:52:05,,,17:50:45,18:00:05,,,17:58:45,18:08:05,,,18:06:45,18:16:05,,,18:14:45,18:24:05,,,18:22:45,18:32:05,,,18:30:45,18:40:05,,,18:38:45,18:48:05,,,18:46:45,18:56:05,,,18:54:45,19:04:05,,,19:02:45,19:12:05,,,19:10:45,19:20:05,,,19:18:45,19:28:05,,,19:26:45,19:36:05,,,19:34:45,19:44:05,,,19:42:45,19:52:05,,,19:50:45,20:00:05,,,19:58:45,20:08:05,,,20:06:45,20:16:05,,,20:14:45,20:24:05,,,20:22:45,20:32:05,,,20:30:45,20:40:05,,,20:38:45,20:48:05,,,20:46:45,20:56:05,,,20:54:45,21:04:05,,,21:02:45,21:12:05,,,21:10:45,,,,21:18:45,21:28:05,,,,,,,,21:34:45,21:43:05,,,,,,21:41:45,,21:56:05,,,21:54:45,22:11:05,,,22:09:45,22:26:05,,,22:24:45,22:41:05,,,22:39:45,22:56:05,,,22:54:45,23:11:05,,,23:09:45,23:26:05,,,23:24:45,23:41:05,,,23:39:45,23:56:05,,,23:54:45, 0:11:05,,, 0:09:45, 0:26:05,,, 0:24:45, 0:41:05,,, 0:39:45, 0:56:05,,, 0:54:45,,,,,,,
源吉川,発,, 4:39:30, 4:59:30, 5:14:30, ﾚ, 5:28:45, ﾚ, 5:39:00,, ﾚ, 5:49:15,, ﾚ, 6:03:15, 6:14:15,,, ﾚ, 6:23:15,,, ﾚ, 6:30:15,, ﾚ,, ﾚ, 6:39:40,,, ﾚ,, 6:48:15, ﾚ,, ﾚ, 6:56:00,,, ﾚ, 7:04:15,, ﾚ,,, ﾚ, 7:12:00,,, ﾚ, 7:20:15, ﾚ,,, ﾚ, 7:28:00, 7:35:10,,, ﾚ, ﾚ,, ﾚ, 7:41:00,,, ﾚ, 7:47:15,,, ﾚ, ﾚ, 7:56:30,,, ﾚ, 8:03:15,, ﾚ,, ﾚ, 8:13:15,,, ﾚ, 8:19:15,,, ﾚ, ﾚ, 8:29:30,,, ﾚ, 8:35:15,,, ﾚ, 8:44:15,,, ﾚ, 8:51:15,,, ﾚ, 8:59:15,,, ﾚ, 9:07:15,,, ﾚ, 9:20:35,,, ﾚ, 9:30:35,,, ﾚ,,, 9:40:35,,, ﾚ, 9:50:35,,, ﾚ,10:00:35,,, ﾚ,10:10:35,,, ﾚ,10:20:35,,, ﾚ,10:30:35,,, ﾚ,10:40:35,,, ﾚ,10:50:35,,, ﾚ,11:00:35,,, ﾚ,11:10:35,,, ﾚ,11:20:35,,, ﾚ,11:30:35,,, ﾚ,11:40:35,,, ﾚ,11:50:35,,, ﾚ,12:00:35,,, ﾚ,12:10:35,,, ﾚ,12:20:35,,, ﾚ,12:30:35,,, ﾚ,12:40:35,,, ﾚ,12:50:35,,, ﾚ,13:00:35,,, ﾚ,13:10:35,,, ﾚ,13:20:35,,, ﾚ,13:30:35,,, ﾚ,13:40:35,,, ﾚ,13:50:35,,, ﾚ,14:00:35,,, ﾚ,14:10:35,,, ﾚ,14:20:35,,, ﾚ,14:30:35,,, ﾚ,14:40:35,,, ﾚ,14:50:35,,, ﾚ,15:00:35,,, ﾚ,15:10:35,,, ﾚ,15:20:35,,, ﾚ,15:30:35,,, ﾚ,15:40:35,,, ﾚ,15:50:35,,, ﾚ,16:00:35,,, ﾚ,16:10:35,,, ﾚ,16:20:35,,, ﾚ, ﾚ,16:30:35,,, ﾚ, ﾚ,16:39:35,,, ﾚ,16:50:05,,, ﾚ,16:58:05,,, ﾚ,17:06:05,,, ﾚ,17:14:05,,, ﾚ,17:22:05,,, ﾚ,17:30:05,,, ﾚ,17:38:05,,, ﾚ,17:46:05,,, ﾚ,17:54:05,,, ﾚ,18:02:05,,, ﾚ,18:10:05,,, ﾚ,18:18:05,,, ﾚ,18:26:05,,, ﾚ,18:34:05,,, ﾚ,18:42:05,,, ﾚ,18:50:05,,, ﾚ,18:58:05,,, ﾚ,19:06:05,,, ﾚ,19:14:05,,, ﾚ,19:22:05,,, ﾚ,19:30:05,,, ﾚ,19:38:05,,, ﾚ,19:46:05,,, ﾚ,19:54:05,,, ﾚ,20:02:05,,, ﾚ,20:10:05,,, ﾚ,20:18:05,,, ﾚ,20:26:05,,, ﾚ,20:34:05,,, ﾚ,20:42:05,,, ﾚ,20:50:05,,, ﾚ,20:58:05,,, ﾚ,21:06:05,,, ﾚ,21:14:05,,, ﾚ,,,, ﾚ,21:30:05,,,,,,,, ﾚ,21:45:05,,,,,, ﾚ,,21:58:05,,, ﾚ,22:13:05,,, ﾚ,22:28:05,,, ﾚ,22:43:05,,, ﾚ,22:58:05,,, ﾚ,23:13:05,,, ﾚ,23:28:05,,, ﾚ,23:43:05,,, ﾚ,23:58:05,,, ﾚ, 0:13:05,,, ﾚ, 0:28:05,,, ﾚ, 0:43:05,,, ﾚ, 0:58:05,,, ﾚ,,,,,,,
四津川大学前,着,, 4:40:55, 5:00:55, 5:15:55, ﾚ, 5:30:10, ﾚ, 5:40:25,, 5:41:25, 5:50:40,, 5:56:25, 6:04:40, 6:15:40,,, ﾚ, 6:24:40,,, ﾚ, 6:31:40,, 6:30:55,, 6:39:00, 6:41:05,,, 6:44:55,, 6:49:40, 6:50:55,, 6:55:00, 6:57:25,,, ﾚ, 7:05:40,, 7:03:55,,, 7:09:55, 7:13:25,,, ﾚ, 7:21:40, 7:19:55,,, 7:27:00, 7:29:25, 7:36:35,,, ﾚ, 7:34:10,, 7:39:55, 7:42:25,,, 7:43:45, 7:48:40,,, 7:52:00, 7:55:25, 7:57:55,,, ﾚ, 8:04:40,, 8:07:30,, 8:12:25, 8:14:40,,, 8:15:30, 8:20:40,,, 8:23:30, 8:28:25, 8:30:55,,, 8:31:30, 8:36:40,,, 8:39:30, 8:45:40,,, 8:47:30, 8:52:40,,, 8:55:55, 9:00:40,,, 9:03:30, 9:08:40,,, ﾚ, 9:22:00,,, ﾚ, 9:32:00,,, ﾚ,,, 9:42:00,,, ﾚ, 9:52:00,,, ﾚ,10:02:00,,, ﾚ,10:12:00,,, ﾚ,10:22:00,,, ﾚ,10:32:00,,, ﾚ,10:42:00,,, ﾚ,10:52:00,,, ﾚ,11:02:00,,, ﾚ,11:12:00,,, ﾚ,11:22:00,,, ﾚ,11:32:00,,, ﾚ,11:42:00,,, ﾚ,11:52:00,,, ﾚ,12:02:00,,, ﾚ,12:12:00,,, ﾚ,12:22:00,,, ﾚ,12:32:00,,, ﾚ,12:42:00,,, ﾚ,12:52:00,,, ﾚ,13:02:00,,, ﾚ,13:12:00,,, ﾚ,13:22:00,,, ﾚ,13:32:00,,, ﾚ,13:42:00,,, ﾚ,13:52:00,,, ﾚ,14:02:00,,, ﾚ,14:12:00,,, ﾚ,14:22:00,,, ﾚ,14:32:00,,, ﾚ,14:42:00,,, ﾚ,14:52:00,,, ﾚ,15:02:00,,, ﾚ,15:12:00,,, ﾚ,15:22:00,,, ﾚ,15:32:00,,, ﾚ,15:42:00,,, ﾚ,15:52:00,,, ﾚ,16:02:00,,, ﾚ,16:12:00,,, ﾚ,16:22:00,,, ﾚ, ﾚ,16:32:00,,, ﾚ, ﾚ,16:41:00,,,16:42:00,16:51:30,,,16:48:55,16:59:30,,,16:56:55,17:07:30,,,17:04:55,17:15:30,,,17:12:55,17:23:30,,,17:20:55,17:31:30,,,17:28:55,17:39:30,,,17:36:55,17:47:30,,,17:44:55,17:55:30,,,17:52:55,18:03:30,,,18:00:55,18:11:30,,,18:08:55,18:19:30,,,18:16:55,18:27:30,,,18:24:55,18:35:30,,,18:32:55,18:43:30,,,18:40:55,18:51:30,,,18:48:55,18:59:30,,,18:56:55,19:07:30,,,19:04:55,19:15:30,,,19:12:55,19:23:30,,,19:20:55,19:31:30,,,19:28:55,19:39:30,,,19:36:55,19:47:30,,,19:44:55,19:55:30,,,19:52:55,20:03:30,,,20:00:55,20:11:30,,,20:08:55,20:19:30,,,20:16:55,20:27:30,,,20:24:55,20:35:30,,,20:32:55,20:43:30,,,20:40:55,20:51:30,,,20:48:55,20:59:30,,,20:56:55,21:07:30,,,21:04:55,21:15:30,,,21:12:55,,,,21:20:55,21:31:30,,,,,,,,21:36:55,21:46:30,,,,,,21:43:55,,21:59:30,,,21:56:55,22:14:30,,,22:11:55,22:29:30,,,22:26:55,22:44:30,,,22:41:55,22:59:30,,,22:56:55,23:14:30,,,23:11:55,23:29:30,,,23:26:55,23:44:30,,,23:41:55,23:59:30,,,23:56:55, 0:14:30,,, 0:11:55, 0:29:30,,, 0:26:55, 0:44:30,,, 0:41:55, 0:59:30,,, 0:56:55,,,,,,,
四津川大学前,番線,,1,1,1,1,1,1,1,,1,1,,1,1,1,,,1,1,,,1,1,,1,,1,1,,,1,,2,1,,1,2,,,1,1,,1,,,1,2,,,1,1,1,,,1,2,1,,,1,1,,1,2,,,1,1,,,1,1,2,,,1,1,,1,,1,2,,,1,1,,,1,1,2,,,1,1,,,1,1,,,1,1,,,1,1,,,1,1,,,1,1,,,1,1,,,1,,,1,,,1,1,,,1,1,,,1,1,,,1,1,,,1,1,,,1,1,,,1,1,,,1,1,,,1,1,,,1,1,,,1,1,,,1,1,,,1,1,,,1,1,,,1,1,,,1,1,,,1,1,,,1,1,,,1,1,,,1,1,,,1,1,,,1,1,,,1,1,,,1,1,,,1,1,,,1,1,,,1,1,,,1,1,,,1,1,,,1,1,,,1,1,,,1,1,,,1,1,,,1,1,,,1,1,,,1,1,,,1,1,,,1,1,,,1,1,,,1,1,,,1,1,1,,,1,1,1,,,1,1,,,1,1,,,1,1,,,1,1,,,1,1,,,1,1,,,1,1,,,1,1,,,1,1,,,1,1,,,1,1,,,1,1,,,1,1,,,1,1,,,1,1,,,1,1,,,1,1,,,1,1,,,1,1,,,1,1,,,1,1,,,1,1,,,1,1,,,1,1,,,1,1,,,1,1,,,1,1,,,1,1,,,1,1,,,1,1,,,1,1,,,1,1,,,1,1,,,1,1,,,1,,,,1,1,2,,,,,,,1,1,,,,,,1,,1,,,1,1,,,1,1,,,1,1,,,1,1,,,1,1,,,1,1,,,1,1,,,1,1,,,1,1,,,1,1,,,1,1,,,1,1,,,1,,,,,,,
四津川大学前,発,, 4:41:25, 5:01:25, 5:16:25, ﾚ, 5:30:40, ﾚ, 5:40:55,, 5:41:55, 5:51:10,, 5:56:55, 6:05:10, 6:16:10,,, ﾚ, 6:25:10,,, ﾚ, 6:32:10,, 6:31:25,, 6:39:30, 6:41:35,,, 6:45:25,, 6:52:30, 6:51:25,, 6:55:30, 7:00:00,,, ﾚ, 7:06:10,, 7:04:25,,, 7:10:25, 7:16:00,,, ﾚ, 7:22:10, 7:20:25,,, 7:27:30, 7:32:00, 7:37:05,,, ﾚ, 7:35:10,, 7:40:25, 7:47:00,,, 7:44:45, 7:49:10,,, 7:53:00, 7:55:55, 8:00:00,,, ﾚ, 8:05:10,, 8:08:30,, 8:12:55, 8:17:00,,, 8:16:00, 8:21:10,,, 8:24:30, 8:28:55, 8:33:00,,, 8:32:00, 8:37:10,,, 8:40:30, 8:46:10,,, 8:48:00, 8:53:10,,, 8:56:55, 9:01:10,,, 9:04:00, 9:11:00,,, ﾚ, 9:22:30,,, ﾚ, 9:32:30,,, ﾚ,,, 9:42:30,,, ﾚ, 9:52:30,,, ﾚ,10:02:30,,, ﾚ,10:12:30,,, ﾚ,10:22:30,,, ﾚ,10:32:30,,, ﾚ,10:42:30,,, ﾚ,10:52:30,,, ﾚ,11:02:30,,, ﾚ,11:12:30,,, ﾚ,11:22:30,,, ﾚ,11:32:30,,, ﾚ,11:42:30,,, ﾚ,11:52:30,,, ﾚ,12:02:30,,, ﾚ,12:12:30,,, ﾚ,12:22:30,,, ﾚ,12:32:30,,, ﾚ,12:42:30,,, ﾚ,12:52:30,,, ﾚ,13:02:30,,, ﾚ,13:12:30,,, ﾚ,13:22:30,,, ﾚ,13:32:30,,, ﾚ,13:42:30,,, ﾚ,13:52:30,,, ﾚ,14:02:30,,, ﾚ,14:12:30,,, ﾚ,14:22:30,,, ﾚ,14:32:30,,, ﾚ,14:42:30,,, ﾚ,14:52:30,,, ﾚ,15:02:30,,, ﾚ,15:12:30,,, ﾚ,15:22:30,,, ﾚ,15:32:30,,, ﾚ,15:42:30,,, ﾚ,15:52:30,,, ﾚ,16:02:30,,, ﾚ,16:12:30,,, ﾚ,16:22:30,,, ﾚ, ﾚ,16:32:30,,, ﾚ, ﾚ,16:43:30,,,16:42:30,16:52:00,,,16:49:25,17:00:00,,,16:57:25,17:08:00,,,17:05:25,17:16:00,,,17:13:25,17:24:00,,,17:21:25,17:32:00,,,17:29:25,17:40:00,,,17:37:25,17:48:00,,,17:45:25,17:56:00,,,17:53:25,18:04:00,,,18:01:25,18:12:00,,,18:09:25,18:20:00,,,18:17:25,18:28:00,,,18:25:25,18:36:00,,,18:33:25,18:44:00,,,18:41:25,18:52:00,,,18:49:25,19:00:00,,,18:57:25,19:08:00,,,19:05:25,19:16:00,,,19:13:25,19:24:00,,,19:21:25,19:32:00,,,19:29:25,19:40:00,,,19:37:25,19:48:00,,,19:45:25,19:56:00,,,19:53:25,20:04:00,,,20:01:25,20:12:00,,,20:09:25,20:20:00,,,20:17:25,20:28:00,,,20:25:25,20:36:00,,,20:33:25,20:44:00,,,20:41:25,20:52:00,,,20:49:25,21:00:00,,,20:57:25,21:08:00,,,21:05:25,21:16:00,,,21:13:25,,,,21:21:25,21:32:00,21:30:00,,,,,,,21:37:25,21:47:00,,,,,,21:44:25,,22:00:00,,,21:57:25,22:15:00,,,22:12:25,22:30:00,,,22:27:25,22:45:00,,,22:42:25,23:00:00,,,22:57:25,23:15:00,,,23:12:25,23:30:00,,,23:27:25,23:45:00,,,23:42:25, 0:00:00,,,23:57:25, 0:15:00,,, 0:12:25, 0:30:00,,, 0:27:25, 0:45:00,,, 0:42:25, 1:00:00,,, 0:57:25,,,,,,,
永穂町,発,, 4:43:45, 5:03:45, 5:18:45, ﾚ, 5:33:00, ﾚ, 5:43:15,, ﾚ, 5:53:30,, ﾚ, 6:07:30, 6:18:30,,, ﾚ, 6:27:30,,, ﾚ, 6:34:30,, ﾚ,, ﾚ, 6:43:55,,, ﾚ,, 6:54:50, ﾚ,, ﾚ, 7:02:20,,, ﾚ, 7:08:30,, ﾚ,,, ﾚ, 7:18:20,,, ﾚ, 7:24:30, ﾚ,,, ﾚ, 7:34:20, 7:39:25,,, ﾚ, ﾚ,, ﾚ, 7:49:20,,, ﾚ, 7:51:30,,, ﾚ, ﾚ, 8:02:20,,, ﾚ, 8:07:30,, ﾚ,, ﾚ, 8:19:20,,, ﾚ, 8:23:30,,, ﾚ, ﾚ, 8:35:20,,, ﾚ, 8:39:30,,, ﾚ, 8:48:30,,, ﾚ, 8:55:30,,, ﾚ, 9:03:30,,, ﾚ, 9:13:20,,, ﾚ, 9:24:50,,, ﾚ, 9:34:50,,, ﾚ,,, 9:44:50,,, ﾚ, 9:54:50,,, ﾚ,10:04:50,,, ﾚ,10:14:50,,, ﾚ,10:24:50,,, ﾚ,10:34:50,,, ﾚ,10:44:50,,, ﾚ,10:54:50,,, ﾚ,11:04:50,,, ﾚ,11:14:50,,, ﾚ,11:24:50,,, ﾚ,11:34:50,,, ﾚ,11:44:50,,, ﾚ,11:54:50,,, ﾚ,12:04:50,,, ﾚ,12:14:50,,, ﾚ,12:24:50,,, ﾚ,12:34:50,,, ﾚ,12:44:50,,, ﾚ,12:54:50,,, ﾚ,13:04:50,,, ﾚ,13:14:50,,, ﾚ,13:24:50,,, ﾚ,13:34:50,,, ﾚ,13:44:50,,, ﾚ,13:54:50,,, ﾚ,14:04:50,,, ﾚ,14:14:50,,, ﾚ,14:24:50,,, ﾚ,14:34:50,,, ﾚ,14:44:50,,, ﾚ,14:54:50,,, ﾚ,15:04:50,,, ﾚ,15:14:50,,, ﾚ,15:24:50,,, ﾚ,15:34:50,,, ﾚ,15:44:50,,, ﾚ,15:54:50,,, ﾚ,16:04:50,,, ﾚ,16:14:50,,, ﾚ,16:24:50,,, ﾚ, ﾚ,16:34:50,,, ﾚ, ﾚ,16:45:50,,, ﾚ,16:54:20,,, ﾚ,17:02:20,,, ﾚ,17:10:20,,, ﾚ,17:18:20,,, ﾚ,17:26:20,,, ﾚ,17:34:20,,, ﾚ,17:42:20,,, ﾚ,17:50:20,,, ﾚ,17:58:20,,, ﾚ,18:06:20,,, ﾚ,18:14:20,,, ﾚ,18:22:20,,, ﾚ,18:30:20,,, ﾚ,18:38:20,,, ﾚ,18:46:20,,, ﾚ,18:54:20,,, ﾚ,19:02:20,,, ﾚ,19:10:20,,, ﾚ,19:18:20,,, ﾚ,19:26:20,,, ﾚ,19:34:20,,, ﾚ,19:42:20,,, ﾚ,19:50:20,,, ﾚ,19:58:20,,, ﾚ,20:06:20,,, ﾚ,20:14:20,,, ﾚ,20:22:20,,, ﾚ,20:30:20,,, ﾚ,20:38:20,,, ﾚ,20:46:20,,, ﾚ,20:54:20,,, ﾚ,21:02:20,,, ﾚ,21:10:20,,, ﾚ,21:18:20,,, ﾚ,,,, ﾚ,21:34:20, ﾚ,,,,,,, ﾚ,21:49:20,,,,,, ﾚ,,22:02:20,,, ﾚ,22:17:20,,, ﾚ,22:32:20,,, ﾚ,22:47:20,,, ﾚ,23:02:20,,, ﾚ,23:17:20,,, ﾚ,23:32:20,,, ﾚ,23:47:20,,, ﾚ, 0:02:20,,, ﾚ, 0:17:20,,, ﾚ, 0:32:20,,, ﾚ, 0:47:20,,, ﾚ, 1:02:20,,, ﾚ,,,,,,,
石,発,, 4:46:20, 5:06:20, 5:21:20, ﾚ, 5:35:35, ﾚ, 5:45:50,, ﾚ, 5:56:05,, ﾚ, 6:10:05, 6:21:05,,, ﾚ, 6:30:05,,, ﾚ, 6:37:05,, ﾚ,, 6:43:05, 6:46:30,,, ﾚ,, 6:57:25, ﾚ,, 6:59:05, 7:04:55,,, ﾚ, 7:11:05,, ﾚ,,, 7:14:00, 7:20:55,,, ﾚ, 7:27:05, ﾚ,,, 7:31:05, 7:36:55, 7:42:00,,, ﾚ, ﾚ,, 7:44:00, 7:51:55,,, ﾚ, 7:54:05,,, ﾚ, 7:59:30, 8:04:55,,, ﾚ, 8:10:05,, ﾚ,, 8:16:30, 8:21:55,,, ﾚ, 8:26:05,,, ﾚ, 8:32:30, 8:37:55,,, ﾚ, 8:42:05,,, ﾚ, 8:51:05,,, ﾚ, 8:58:05,,, ﾚ, 9:06:05,,, ﾚ, 9:15:55,,, ﾚ, 9:27:25,,, ﾚ, 9:37:25,,, ﾚ,,, 9:47:25,,, ﾚ, 9:57:25,,, ﾚ,10:07:25,,, ﾚ,10:17:25,,, ﾚ,10:27:25,,, ﾚ,10:37:25,,, ﾚ,10:47:25,,, ﾚ,10:57:25,,, ﾚ,11:07:25,,, ﾚ,11:17:25,,, ﾚ,11:27:25,,, ﾚ,11:37:25,,, ﾚ,11:47:25,,, ﾚ,11:57:25,,, ﾚ,12:07:25,,, ﾚ,12:17:25,,, ﾚ,12:27:25,,, ﾚ,12:37:25,,, ﾚ,12:47:25,,, ﾚ,12:57:25,,, ﾚ,13:07:25,,, ﾚ,13:17:25,,, ﾚ,13:27:25,,, ﾚ,13:37:25,,, ﾚ,13:47:25,,, ﾚ,13:57:25,,, ﾚ,14:07:25,,, ﾚ,14:17:25,,, ﾚ,14:27:25,,, ﾚ,14:37:25,,, ﾚ,14:47:25,,, ﾚ,14:57:25,,, ﾚ,15:07:25,,, ﾚ,15:17:25,,, ﾚ,15:27:25,,, ﾚ,15:37:25,,, ﾚ,15:47:25,,, ﾚ,15:57:25,,, ﾚ,16:07:25,,, ﾚ,16:17:25,,, ﾚ,16:27:25,,, ﾚ, ﾚ,16:37:25,,, ﾚ, ﾚ,16:48:25,,, ﾚ,16:56:55,,, ﾚ,17:04:55,,, ﾚ,17:12:55,,, ﾚ,17:20:55,,, ﾚ,17:28:55,,, ﾚ,17:36:55,,, ﾚ,17:44:55,,, ﾚ,17:52:55,,, ﾚ,18:00:55,,, ﾚ,18:08:55,,, ﾚ,18:16:55,,, ﾚ,18:24:55,,, ﾚ,18:32:55,,, ﾚ,18:40:55,,, ﾚ,18:48:55,,, ﾚ,18:56:55,,, ﾚ,19:04:55,,, ﾚ,19:12:55,,, ﾚ,19:20:55,,, ﾚ,19:28:55,,, ﾚ,19:36:55,,, ﾚ,19:44:55,,, ﾚ,19:52:55,,, ﾚ,20:00:55,,, ﾚ,20:08:55,,, ﾚ,20:16:55,,, ﾚ,20:24:55,,, ﾚ,20:32:55,,, ﾚ,20:40:55,,, ﾚ,20:48:55,,, ﾚ,20:56:55,,, ﾚ,21:04:55,,, ﾚ,21:12:55,,, ﾚ,21:20:55,,, ﾚ,,,, ﾚ,21:36:55, ﾚ,,,,,,, ﾚ,21:51:55,,,,,, ﾚ,,22:04:55,,, ﾚ,22:19:55,,, ﾚ,22:34:55,,, ﾚ,22:49:55,,, ﾚ,23:04:55,,, ﾚ,23:19:55,,, ﾚ,23:34:55,,, ﾚ,23:49:55,,, ﾚ, 0:04:55,,, ﾚ, 0:19:55,,, ﾚ, 0:34:55,,, ﾚ, 0:49:55,,, ﾚ, 1:04:55,,, ﾚ,,,,,,,
菊中市,着,, 4:47:50, 5:07:50, 5:22:50, 5:26:45, 5:37:05, 5:41:15, 5:47:20,, 5:46:10, 5:57:35,, 6:01:10, 6:11:35, 6:22:35,,, 6:16:55, 6:31:35,,, 6:26:55, 6:38:35,, 6:35:40,, 6:44:35, 6:48:00,,, 6:49:40,, 6:58:55, 6:55:40,, 7:00:35, 7:06:25,,, 7:02:50, 7:12:35,, 7:08:40,,, 7:15:30, 7:22:25,,, 7:18:50, 7:28:35, 7:24:40,,, 7:32:35, 7:38:25, 7:43:30,,, 7:34:50, 7:39:25,, 7:45:30, 7:53:25,,, 7:49:00, 7:55:35,,, 7:57:15, 8:01:00, 8:06:25,,, 8:02:25, 8:11:35,, 8:12:45,, 8:18:00, 8:23:25,,, 8:20:15, 8:27:35,,, 8:28:45, 8:34:00, 8:39:25,,, 8:36:15, 8:43:35,,, 8:44:45, 8:52:35,,, 8:52:15, 8:59:35,,, 9:01:10, 9:07:35,,, 9:08:15, 9:17:25,,, 9:13:15, 9:28:55,,, 9:23:15, 9:38:55,,, 9:33:15,,, 9:48:55,,, 9:43:15, 9:58:55,,, 9:53:15,10:08:55,,,10:03:15,10:18:55,,,10:13:15,10:28:55,,,10:23:15,10:38:55,,,10:33:15,10:48:55,,,10:43:15,10:58:55,,,10:53:15,11:08:55,,,11:03:15,11:18:55,,,11:13:15,11:28:55,,,11:23:15,11:38:55,,,11:33:15,11:48:55,,,11:43:15,11:58:55,,,11:53:15,12:08:55,,,12:03:15,12:18:55,,,12:13:15,12:28:55,,,12:23:15,12:38:55,,,12:33:15,12:48:55,,,12:43:15,12:58:55,,,12:53:15,13:08:55,,,13:03:15,13:18:55,,,13:13:15,13:28:55,,,13:23:15,13:38:55,,,13:33:15,13:48:55,,,13:43:15,13:58:55,,,13:53:15,14:08:55,,,14:03:15,14:18:55,,,14:13:15,14:28:55,,,14:23:15,14:38:55,,,14:33:15,14:48:55,,,14:43:15,14:58:55,,,14:53:15,15:08:55,,,15:03:15,15:18:55,,,15:13:15,15:28:55,,,15:23:15,15:38:55,,,15:33:15,15:48:55,,,15:43:15,15:58:55,,,15:53:15,16:08:55,,,16:03:15,16:18:55,,,16:13:15,16:28:55,,,16:23:15,16:25:45,16:38:55,,,16:33:15,16:40:15,16:49:55,,,16:46:45,16:58:25,,,16:53:40,17:06:25,,,17:01:40,17:14:25,,,17:09:40,17:22:25,,,17:17:40,17:30:25,,,17:25:40,17:38:25,,,17:33:40,17:46:25,,,17:41:40,17:54:25,,,17:49:40,18:02:25,,,17:57:40,18:10:25,,,18:05:40,18:18:25,,,18:13:40,18:26:25,,,18:21:40,18:34:25,,,18:29:40,18:42:25,,,18:37:40,18:50:25,,,18:45:40,18:58:25,,,18:53:40,19:06:25,,,19:01:40,19:14:25,,,19:09:40,19:22:25,,,19:17:40,19:30:25,,,19:25:40,19:38:25,,,19:33:40,19:46:25,,,19:41:40,19:54:25,,,19:49:40,20:02:25,,,19:57:40,20:10:25,,,20:05:40,20:18:25,,,20:13:40,20:26:25,,,20:21:40,20:34:25,,,20:29:40,20:42:25,,,20:37:40,20:50:25,,,20:45:40,20:58:25,,,20:53:40,21:06:25,,,21:01:40,21:14:25,,,21:09:40,21:22:25,,,21:17:40,,,,21:25:40,21:38:25,21:34:15,,,,,,,21:41:40,21:53:25,,,,,,21:48:40,,22:06:25,,,22:01:40,22:21:25,,,22:16:40,22:36:25,,,22:31:40,22:51:25,,,22:46:40,23:06:25,,,23:01:40,23:21:25,,,23:16:40,23:36:25,,,23:31:40,23:51:25,,,23:46:40, 0:06:25,,, 0:01:40, 0:21:25,,, 0:16:40, 0:36:25,,, 0:31:40, 0:51:25,,, 0:46:40, 1:06:25,,, 1:01:40,,,,,,,
菊中市,番線,,3,2,1,3,1,3,3,,2,3,,2,3,3,,,2,3,,,2,3,,2,,1,3,,,2,,1,3,,2,1,,,3,1,,3,,,2,1,,,3,2,3,,,1,1,1,,,3,3,,2,1,,,3,2,,,3,1,3,,,2,2,,3,,1,3,,,2,3,,,2,1,3,,,2,1,,,2,3,,,1,3,,,1,3,,,2,3,,,2,3,,,2,3,,,2,,,3,,,2,3,,,2,3,,,2,3,,,2,3,,,2,3,,,2,3,,,2,3,,,2,3,,,2,3,,,2,3,,,2,3,,,2,3,,,2,3,,,2,3,,,2,3,,,2,3,,,2,3,,,2,3,,,2,3,,,2,3,,,2,3,,,2,3,,,2,3,,,2,3,,,2,3,,,2,3,,,2,3,,,2,3,,,2,3,,,2,3,,,2,3,,,2,3,,,2,3,,,2,3,,,2,3,,,2,3,,,2,3,,,2,3,,,2,3,,,2,3,,,1,2,2,,,1,1,3,,,1,3,,,2,3,,,2,3,,,2,3,,,2,3,,,2,3,,,2,3,,,2,3,,,2,3,,,2,3,,,2,3,,,2,3,,,2,3,,,2,3,,,2,3,,,2,3,,,2,3,,,2,3,,,2,3,,,2,3,,,2,3,,,2,3,,,2,3,,,2,3,,,2,3,,,2,3,,,2,3,,,2,3,,,2,3,,,2,3,,,2,3,,,2,3,,,2,1,,,2,3,,,2,,,,2,1,3,,,,,,,2,3,,,,,,2,,3,,,2,3,,,2,3,,,2,3,,,2,3,,,2,3,,,2,3,,,2,3,,,2,3,,,2,3,,,2,3,,,2,2,,,3,3,,,3,,,,,,,
備考,,,,,,,,,,,,,,,,,,,,,,,,,,,,,,,,,,,,,,,,,,,,,,,,,,,,,,,,,,,,,,,,,,,,,,,,,,,,,,,,,,,,,,,,,,,,,,,,,,,,,,,,,,,,,,,,,,,,,,,,,,,,,,,,,,,,,,,,,,,,,,,,,,,,,,,,,,,,,,,,,,,,,,,,,,,,,,,,,,,,,,,,,,,,,,,,,,,,,,,,,,,,,,,,,,,,,,,,,,,,,,,,,,,,,,,,,,,,,,,,,,,,,,,,,,,,,,,,,,,,,,,,,,,,,,,,,,,,,,,,,,,,,,,,,,,,,,,,,,,,,,,,,,,,,,,,,,,,,,,,,,,,,,,,,,,,,,,,,,,,,,,,,,,,,,,,,,,,,,,,,,,,,,,,,,,,,,,,,,,,,,,,,,,,,,,,,,,,,,,,,,,,,,,,,,,,,,,,,,,,,,,,,,,,,,,,,,,,,,,,,,,,,,,,,,,,,,,,,,,,,,,,,,,,,,,,,,,,,,,,,,,,,,,,,,,,,,,,,,,,,,,,,,,,,,,,,,,
